date,symbol,open,high,low,close,volume,adjclose,change,factor
2021-12-15,sh603216,0.8331960037119455,1.0,0.8331960037119455,1.0,47172496.45405197,24.280000686645508,,0.041186160284996214
2021-12-16,sh603216,1.100082303505193,1.100082303505193,1.100082303505193,1.100082303505193,28263838.919309616,26.709999084472656,0.10008230350519298,0.041186160284996214
2021-12-17,sh603216,1.2100493546083875,1.2100493546083875,1.2100493546083875,1.2100493546083875,31302675.245248795,29.3799991607666,0.09996256712139306,0.041186160284996214
2021-12-20,sh603216,1.331136687842059,1.331136687842059,1.331136687842059,1.331136687842059,26303665.90387535,32.31999969482422,0.10006809455541532,0.041186160284996214
2021-12-21,sh603216,1.4641679667090688,1.4641679667090688,1.4641679667090688,1.4641679667090688,42295858.31613922,35.54999923706055,0.09993810559204874,0.041186160284996214
2021-12-22,sh603216,1.6107907538842392,1.6107907538842392,1.5020593158698865,1.6107907538842392,998440731.4361954,39.11000061035156,0.10014068775505769,0.041186160284996214
2021-12-23,sh603216,1.6247940546656472,1.771828634314065,1.4497528734544134,1.4497528734544134,864799819.9767914,35.20000076293945,-0.09997442563008341,0.041186160284996214
2021-12-24,sh603216,1.3064249759597877,1.359143289404875,1.3047775703976987,1.3047775703976987,568253117.9903641,31.68000030517578,-0.10000001083720789,0.041186160284996214
2021-12-27,sh603216,1.2224052498277063,1.2487643672720665,1.1742174391520062,1.1742174391520062,601667376.335329,28.51000022888184,-0.10006313275748413,0.041186160284996214
2021-12-28,sh603216,1.152388745920666,1.18121908954271,1.1120263276948978,1.1124381987245118,452180413.7877941,27.01000022888184,-0.05261311778175426,0.041186160284996214
2021-12-29,sh603216,1.1009060455644208,1.148270114180893,1.0819604495403785,1.118204236026374,434805645.2964306,27.149999618530277,0.0051832428160714095,0.041186160284996214
2021-12-30,sh603216,1.093492524144103,1.107907695955125,1.0696045543210595,1.0700164253506737,393790484.17650986,25.979999542236328,-0.043093926067512944,0.041186160284996214
2021-12-31,sh603216,1.0642503880488114,1.0803129654219228,1.0304777491841333,1.0415980313146103,326138705.5032978,25.290000915527344,-0.026558839063381634,0.041186160284996214
2022-01-04,sh603216,1.041186160284996,1.0543657190071765,1.0263591174443603,1.0440691789359273,214945698.7187271,25.350000381469727,0.002372458037577463,0.041186160284996214
2022-01-05,sh603216,1.034596380923906,1.0395386761665404,1.0020592765917031,1.0296540071249054,241765824.5172081,25.0,-0.013806720954748775,0.041186160284996214
2022-01-06,sh603216,1.0197693380832704,1.0741350570904464,1.0177099829352005,1.0518945713858592,281941310.37338257,25.540000915527344,0.021600036621093777,0.041186160284996214
2022-01-07,sh603216,1.0424216948174716,1.1013179165940348,1.0378912706044512,1.0848434681913095,333618256.8348217,26.34000015258789,0.03132338325697459,0.041186160284996214
2022-01-10,sh603216,1.0708401674099015,1.1112025856356698,1.0605436273386526,1.0951400082625586,328996097.3841057,26.59000015258789,0.009491267978426254,0.041186160284996214
2022-01-11,sh603216,1.0831959840728538,1.0951400082625586,1.0296540071249054,1.0300658781545193,286488760.2619858,25.01000022888184,-0.05942083169007717,0.041186160284996214
2022-01-12,sh603216,1.0214167436453594,1.132619407837396,0.9929983496092958,1.0996705110319456,426825076.15073776,26.700000762939453,0.06757299154703644,0.041186160284996214
2022-01-13,sh603216,1.0733113150312188,1.0869027447830129,1.0440691789359273,1.0453047134684026,251229561.78484535,25.3799991607666,-0.04943826084099068,0.041186160284996214
2022-01-14,sh603216,1.0263591174443603,1.0613673693978805,1.0222404857045875,1.0321251547462225,164840493.8217373,25.059999465942383,-0.012608341426538994,0.041186160284996214
2022-01-17,sh603216,1.0300658781545193,1.0308896202137472,1.0102965400712491,1.010708411100863,147598706.89413452,24.540000915527344,-0.02075014211878734,0.041186160284996214
2022-01-18,sh603216,1.0090609269824071,1.0395386761665404,0.996705110319455,1.0218286146749733,172732489.52492523,24.809999465942383,0.011002385507011159,0.041186160284996214
2022-01-19,sh603216,1.0234760987934293,1.034596380923906,1.0041185531834065,1.014003300781408,132125548.05654907,24.6200008392334,-0.007658147150297334,0.041186160284996214
2022-01-20,sh603216,1.0152388353138835,1.0168863194323392,0.9472816865549128,0.9481054286141408,208287442.6904297,23.020000457763672,-0.06498782806376002,0.041186160284996214
2022-01-21,sh603216,0.9419275202826647,0.9419275202826647,0.9023887655597577,0.9081548028616199,165202241.55196762,22.049999237060547,-0.04213732412746263,0.041186160284996214
2022-01-24,sh603216,0.8978582627903708,0.9209225691105525,0.8867380592162604,0.9110379000689175,101585798.99287605,22.1200008392334,0.003174675945348593,0.041186160284996214
2022-01-25,sh603216,0.9213344401401665,0.9719933984371839,0.8978582627903708,0.9110379000689175,186059344.8618126,22.1200008392334,0.0,0.041186160284996214
2022-01-26,sh603216,0.9151564532523238,0.921746232613414,0.8813838143876458,0.8826194274764875,114040589.54510117,21.43000030517578,-0.031193513014420415,0.041186160284996214
2022-01-27,sh603216,0.8817956854172596,0.8908566123996668,0.8406095251322634,0.8430806727535803,115473619.46562767,20.46999931335449,-0.044797059176402976,0.041186160284996214
2022-01-28,sh603216,0.8488467886118091,0.8661449790737623,0.8377265064813323,0.8566721025053746,104524917.35599518,20.799999237060547,0.01612114972035039,0.041186160284996214
2022-02-07,sh603216,0.8649093659849205,0.8785007957367145,0.8566721025053746,0.8723228874052384,88935675.83512688,21.18000030517578,0.01826928279103801,0.041186160284996214
2022-02-08,sh603216,0.8739702929673275,0.8925040965181226,0.8706754032867828,0.8900329488968053,96800332.25754166,21.61000061035156,0.02030218597639477,0.041186160284996214
2022-02-09,sh603216,0.8887973358079635,0.9007413599976685,0.8780889247071006,0.8941515020802119,101907411.88197136,21.709999084472656,0.004627416533861561,0.041186160284996214
2022-02-10,sh603216,0.8867380592162604,0.9143327897494625,0.8752059060561695,0.8962108572282818,126874002.42803383,21.76000022888184,0.00230313894600509,0.041186160284996214
2022-02-11,sh603216,0.8900329488968053,0.8900329488968053,0.8599669921859197,0.8599669921859197,90698161.08497047,20.8799991607666,-0.040441225131386815,0.041186160284996214
2022-02-14,sh603216,0.8566721025053746,0.8834431695357153,0.8504941941738986,0.8694398687543072,69620401.12888527,21.11000061035156,0.011015395537808725,0.041186160284996214
2022-02-15,sh603216,0.8690279977246934,0.8978582627903708,0.8690279977246934,0.8702635322571687,104071439.7831707,21.1299991607666,0.0009473495896175077,0.041186160284996214
2022-02-16,sh603216,0.8826194274764875,0.8937397096069645,0.8719110163756245,0.8855024461274186,96724797.1754055,21.5,0.017510688780357553,0.041186160284996214
2022-02-17,sh603216,0.8887973358079635,0.9048599131810747,0.8776770536774867,0.8797364088255563,117362069.35903358,21.36000061035156,-0.006511599518532196,0.041186160284996214
2022-02-18,sh603216,0.8682042556654653,0.8875617227191218,0.8616144763043755,0.8822075564468735,81260524.81807137,21.420000076293945,0.0028089636810828544,0.041186160284996214
2022-02-21,sh603216,0.8772651826478728,0.8883854647783497,0.8764415191450113,0.8834431695357153,69099473.71415329,21.450000762939453,0.0014005922753805855,0.041186160284996214
2022-02-22,sh603216,0.8776770536774867,0.8809719433580319,0.8414332671914913,0.8443162858424224,131873036.04940796,20.5,-0.0442890782820311,0.041186160284996214
2022-02-23,sh603216,0.8455518989312641,0.8723228874052384,0.8455518989312641,0.8616144763043755,90613982.32258987,20.920000076293945,0.02048780859970467,0.041186160284996214
2022-02-24,sh603216,0.8599669921859197,0.8764415191450113,0.8068368862675851,0.8278418374396972,149871387.7984066,20.100000381469727,-0.03919692599587621,0.041186160284996214
2022-02-25,sh603216,0.8311367271202422,0.8649093659849205,0.8311367271202422,0.8360790223628766,111675474.67821503,20.299999237060547,0.00995019163159827,0.041186160284996214
2022-02-28,sh603216,0.8422570092507191,0.8434925437831945,0.811367389036972,0.828253708469311,75944928.54774475,20.11000061035156,-0.009359538613288088,0.041186160284996214
2022-03-01,sh603216,0.828665579498925,0.8344316168007874,0.817957168398062,0.8315485981498562,63208829.90756416,20.190000534057617,0.003978116423570821,0.041186160284996214
2022-03-02,sh603216,0.8237232056999243,0.8397857830730356,0.8204283160193793,0.8352553588600151,47584649.46570778,20.280000686645508,0.004457659742805431,0.041186160284996214
2022-03-03,sh603216,0.8393739120434216,0.8476111755229673,0.8278418374396972,0.8389621195701741,81631523.22856331,20.3700008392334,0.004437877196284079,0.041186160284996214
2022-03-04,sh603216,0.8319604691794701,0.8463755624341256,0.828665579498925,0.8401976541026496,70426060.11166954,20.399999618530277,0.0014726940628839724,0.041186160284996214
2022-03-07,sh603216,0.835667229889629,0.8607907342451477,0.8290773719721725,0.8323722616527175,88981152.27641296,20.209999084472656,-0.009313751843653684,0.041186160284996214
2022-03-08,sh603216,0.8278418374396972,0.8307248560906283,0.7784184136751553,0.7821251743853141,140742447.4602375,18.989999771118164,-0.06036612412772535,0.041186160284996214
2022-03-09,sh603216,0.779654026763997,0.8191927029305376,0.7269357133189098,0.7874794192139288,150374615.09263802,19.1200008392334,0.00684576459621411,0.041186160284996214
2022-03-10,sh603216,0.7994233648472672,0.8084842918296744,0.786243806125087,0.7915979723973351,92689995.22130013,19.21999931335449,0.005230045488068047,0.041186160284996214
2022-03-11,sh603216,0.7788302847047691,0.7973640882555638,0.7631795783612718,0.7944810696046328,67743387.11580276,19.290000915527344,0.0036421230319303444,0.041186160284996214
2022-03-14,sh603216,0.7903624378648599,0.7998352358768811,0.76853374463352,0.76853374463352,61287553.453229904,18.65999984741211,-0.032659462841607256,0.041186160284996214
2022-03-15,sh603216,0.7689456156631339,0.775947266053838,0.7186985283957306,0.7211696760170476,86182785.07727432,17.510000228881836,-0.061629133329803465,0.041186160284996214
2022-03-16,sh603216,0.7269357133189098,0.7355848478280697,0.6985172407264798,0.7273475843485238,92108100.72484398,17.65999984741211,0.008566511511682195,0.041186160284996214
2022-03-17,sh603216,0.733113621650386,0.800247106906495,0.7318780871179107,0.772240505343679,223039801.1476307,18.75,0.061721413477113796,0.041186160284996214
2022-03-18,sh603216,0.7800658977936109,0.8027182545278122,0.764826983923361,0.7874794192139288,167413736.85450935,19.1200008392334,0.019733378092448017,0.041186160284996214
2022-03-21,sh603216,0.7878912116871762,0.8228994636406963,0.7878912116871762,0.8167215553092201,148259729.91282845,19.82999992370605,0.03713384170024536,0.041186160284996214
2022-03-22,sh603216,0.811367389036972,0.8558484390025133,0.7911861013677214,0.828665579498925,217610380.23408508,20.1200008392334,0.014624352831220211,0.041186160284996214
2022-03-23,sh603216,0.8051894021491294,0.8451400279016502,0.8031301255574261,0.8158978132499923,165512879.88075256,19.809999465942383,-0.015407622284315359,0.041186160284996214
2022-03-24,sh603216,0.8105436469777442,0.8789126667663285,0.806425015237971,0.8401976541026496,280546011.5739231,20.399999618530277,0.029782946415633615,0.041186160284996214
2022-03-25,sh603216,0.8459637699608782,0.8546128259136714,0.8035419965870403,0.804365738646268,190621411.31082916,19.530000686645508,-0.042647007262417214,0.041186160284996214
2022-03-28,sh603216,0.7915979723973351,0.8187808319009234,0.7714167632844511,0.7990114938176534,121506301.27623367,19.399999618530277,-0.0066564804682328615,0.041186160284996214
2022-03-29,sh603216,0.8051894021491294,0.806425015237971,0.769357486692748,0.7755353950242239,85574789.58008003,18.82999992370605,-0.029381428145997535,0.041186160284996214
2022-03-30,sh603216,0.7825370454149281,0.8154859422203784,0.7714167632844511,0.8056012731787433,120597063.81052017,19.559999465942383,0.03876789937302649,0.041186160284996214
2022-03-31,sh603216,0.807248757297199,0.8846787040681907,0.8060131442083572,0.8352553588600151,299478512.06933975,20.280000686645508,0.0368098793640963,0.041186160284996214
2022-04-01,sh603216,0.8369027644221044,0.8422570092507191,0.8093080338889024,0.8167215553092201,129477474.06166077,19.82999992370605,-0.02218938598142084,0.041186160284996214
2022-04-06,sh603216,0.8167215553092201,0.8822075564468735,0.811367389036972,0.8628500893932173,236004714.51428223,20.950000762939453,0.05648012322453311,0.041186160284996214
2022-04-07,sh603216,0.8504941941738986,0.8640856239256925,0.83855024854056,0.8418451382211052,163699940.78948212,20.440000534057617,-0.024343685456280517,0.041186160284996214
2022-04-08,sh603216,0.8422570092507191,0.8686161266950795,0.8051894021491294,0.8187808319009234,161841938.01693726,19.8799991607666,-0.027397326744582395,0.041186160284996214
2022-04-11,sh603216,0.8154859422203784,0.818369039427676,0.737232253390159,0.7590609466214988,138922782.80877686,18.43000030517578,-0.0729375712677297,0.041186160284996214
2022-04-12,sh603216,0.7537067017928841,0.761120223213202,0.7359967188576836,0.761120223213202,84717001.43582153,18.479999542236328,0.002712926545449079,0.041186160284996214
2022-04-13,sh603216,0.743822032751249,0.7516474252011809,0.7236408236383648,0.7236408236383648,81570021.98682404,17.56999969482422,-0.04924241720527589,0.041186160284996214
2022-04-14,sh603216,0.7277594553781378,0.7409390141003179,0.7232289526087509,0.7244645656975928,53301885.50739288,17.59000015258789,0.0011383300006295727,0.041186160284996214
2022-04-15,sh603216,0.7248764367272067,0.7281713264077517,0.7001647248449356,0.7149917676855716,58934335.78668022,17.360000610351562,-0.013075585005182022,0.041186160284996214
2022-04-18,sh603216,0.7088137807977289,0.7195221918985919,0.7018122089633914,0.7133442835671158,36483517.51176453,17.31999969482422,-0.0023042001221758035,0.041186160284996214
2022-04-19,sh603216,0.7100493938865707,0.7186985283957306,0.6960460931051627,0.6972817061940045,83024102.66794586,16.93000030517578,-0.022517286173219908,0.041186160284996214
2022-04-20,sh603216,0.6981054482532324,0.7022240014366389,0.6919274613653897,0.6935749454838456,49214590.19180298,16.84000015258789,-0.00531601600505438,0.041186160284996214
2022-04-21,sh603216,0.6906919268329145,0.6935749454838456,0.6610378411516427,0.6614497121812566,79199444.1197834,16.059999465942383,-0.04631833014120501,0.041186160284996214
2022-04-22,sh603216,0.6610378411516427,0.6943986875430734,0.6445633927489174,0.6816309212941407,89719944.13730621,16.549999237060547,0.030510572068030317,0.041186160284996214
2022-04-25,sh603216,0.6663920859802573,0.7005765958745496,0.6457990058377592,0.6552718038497805,89190008.84231949,15.90999984741211,-0.038670659767480964,0.041186160284996214
2022-04-26,sh603216,0.6552718038497805,0.6610378411516427,0.5971993241324451,0.598023066191673,86015932.9125557,14.520000457763672,-0.08736639867878637,0.041186160284996214
2022-04-27,sh603216,0.5930806923926721,0.6219110360147162,0.5815485785107646,0.6165568304642847,78075887.08800888,14.970000267028809,0.030991721424121987,0.041186160284996214
2022-04-28,sh603216,0.6136737725351702,0.6239703126064192,0.5893739709606964,0.5914332475523997,60412089.46847153,14.359999656677246,-0.040748203037449415,0.041186160284996214
2022-04-29,sh603216,0.5971993241324451,0.6198517201448297,0.5939044344519,0.6153212173754428,61525667.41996384,14.9399995803833,0.04038996779755211,0.041186160284996214
2022-05-05,sh603216,0.6136737725351702,0.6766886260515064,0.6136737725351702,0.6577429907492809,186045869.4614315,15.970000267028809,0.06894248430889727,0.041186160284996214
2022-05-06,sh603216,0.6363261685475549,0.6569192486900529,0.6309719629971234,0.6355024657665101,138132711.5864334,15.43000030517578,-0.033813397171188364,0.041186160284996214
2022-05-09,sh603216,0.6416803740979864,0.6495057665479183,0.6350905947368962,0.64621083758919,62728110.17396927,15.6899995803833,0.01685024433345661,0.041186160284996214
2022-05-10,sh603216,0.6342668526776684,0.6523887851988494,0.6301482602160787,0.6499175982993489,64250223.417015076,15.779999732971191,0.005736147545881032,0.041186160284996214
2022-05-11,sh603216,0.64621083758919,0.6639209383589402,0.6375617423582134,0.6383854844174413,88775354.99059296,15.5,-0.017743963099451254,0.041186160284996214
2022-05-12,sh603216,0.6322075760859652,0.6523887851988494,0.6309719629971234,0.6507413403585768,68625503.82074928,15.800000190734863,0.01935485101515244,0.041186160284996214
2022-05-13,sh603216,0.6589785645599394,0.6750411419330506,0.6466227086188039,0.6495057665479183,68096199.80578041,15.770000457763672,-0.0018987172537366925,0.041186160284996214
2022-05-16,sh603216,0.6528006562284634,0.6647446018618016,0.6495057665479183,0.6536243590095079,53036553.65988922,15.869999885559082,0.006341117621602832,0.041186160284996214
2022-05-17,sh603216,0.6490938955183043,0.653212487979894,0.6350905947368962,0.6453871348081452,46108206.90395355,15.670000076293944,-0.012602382527244327,0.041186160284996214
2022-05-18,sh603216,0.6495057665479183,0.6552718038497805,0.6420922451276003,0.6449752637785314,41208017.165374756,15.65999984741211,-0.0006381766964355107,0.041186160284996214
2022-05-19,sh603216,0.6346787237072823,0.6581548225007116,0.6301482602160787,0.6577429907492809,72466964.1293869,15.970000267028809,0.019795684715024242,0.041186160284996214
2022-05-20,sh603216,0.6577429907492809,0.6659802149506434,0.6556836748793943,0.6630971962997123,61996019.59326553,16.100000381469727,0.00814027002299511,0.041186160284996214
2022-05-23,sh603216,0.6672158280394852,0.6684513625719606,0.6593904355895533,0.6655683439210295,36087025.100551605,16.15999984741211,0.0037266748149547,0.041186160284996214
2022-05-24,sh603216,0.6668039570098713,0.6668039570098713,0.6313838340267374,0.6313838340267374,67842692.31861115,15.329999923706056,-0.05136138190242434,0.041186160284996214
2022-05-25,sh603216,0.6309719629971234,0.6466227086188039,0.6280889443461922,0.6420922451276003,38193606.52012634,15.59000015258789,0.016960223755759785,0.041186160284996214
2022-05-26,sh603216,0.6490938955183043,0.6503294693289629,0.6346787237072823,0.6408566713169417,31303500.76527214,15.5600004196167,-0.001924293308375069,0.041186160284996214
2022-05-27,sh603216,0.6396210582280999,0.6457990058377592,0.6289126864054201,0.6392092264766692,53818952.402015686,15.520000457763672,-0.00257069156647316,0.041186160284996214
2022-05-30,sh603216,0.6466227086188039,0.6486820244886904,0.6326194078373959,0.6350905947368962,32157282.709417343,15.420000076293944,-0.006443323358260922,0.041186160284996214
2022-05-31,sh603216,0.6322075760859652,0.6387973554470553,0.6227347387957608,0.6383854844174413,44622246.58193016,15.5,0.00518806247148107,0.041186160284996214
2022-06-01,sh603216,0.6404448002873278,0.6499175982993489,0.6359142975179409,0.6441515609974867,47355616.21923065,15.640000343322754,0.009032280214371191,0.041186160284996214
2022-06-02,sh603216,0.6429159479086449,0.6445633927489174,0.6330312788670098,0.6441515609974867,33309223.061994553,15.640000343322754,0.0,0.041186160284996214
2022-06-06,sh603216,0.6441515609974867,0.6639209383589402,0.6429159479086449,0.6573311197196668,56279390.551597595,15.960000038146973,0.02046033809461112,0.041186160284996214
2022-06-07,sh603216,0.6577429907492809,0.6622734542404844,0.6482701534590765,0.6622734542404844,51698240.02204132,16.079999923706055,0.007518789804026538,0.041186160284996214
2022-06-08,sh603216,0.6577429907492809,0.6581548225007116,0.6268533705355337,0.6396210582280999,65600871.29521179,15.529999732971191,-0.0342039921234093,0.041186160284996214
2022-06-09,sh603216,0.6466227086188039,0.6466227086188039,0.6223228677661468,0.6235584808549887,40656764.029785156,15.140000343322754,-0.025112646255907145,0.041186160284996214
2022-06-10,sh603216,0.6219110360147162,0.6305601312456927,0.6198517201448297,0.6276770733165783,27862539.06796074,15.239999771118164,0.006604981871054738,0.041186160284996214
2022-06-13,sh603216,0.6243821836360333,0.6486820244886904,0.6214991649851022,0.6400329292577138,53027909.979644775,15.539999961853027,0.019685052181129592,0.041186160284996214
2022-06-14,sh603216,0.6400329292577138,0.6400329292577138,0.6198517201448297,0.6342668526776684,47724672.22966766,15.399999618530272,-0.00900903112396545,0.041186160284996214
2022-06-15,sh603216,0.6412685030683725,0.6495057665479183,0.6359142975179409,0.6404448002873278,61724617.74559021,15.550000190734863,0.009740297137676546,0.041186160284996214
2022-06-16,sh603216,0.6408566713169417,0.6528006562284634,0.6404448002873278,0.6466227086188039,53692526.43844032,15.699999809265137,0.009646277600668274,0.041186160284996214
2022-06-17,sh603216,0.6474464506780317,0.6569192486900529,0.6326194078373959,0.6478582824294624,60856437.76103783,15.729999542236328,0.0019108110404872924,0.041186160284996214
2022-06-20,sh603216,0.6499175982993489,0.6787479026432096,0.6499175982993489,0.6733937363709613,124669499.76568985,16.350000381469727,0.03941518482366413,0.041186160284996214
2022-06-21,sh603216,0.6754530129626646,0.6771004970811204,0.6593904355895533,0.6659802149506434,80685113.08179855,16.170000076293945,-0.011009192720251249,0.041186160284996214
2022-06-22,sh603216,0.6738056074005754,0.6750411419330506,0.6552718038497805,0.6552718038497805,46593904.03768921,15.90999984741211,-0.016079173015157266,0.041186160284996214
2022-06-23,sh603216,0.6511532113881907,0.6593904355895533,0.6490938955183043,0.6581548225007116,41732489.460206985,15.979999542236328,0.004399729446610046,0.041186160284996214
2022-06-24,sh603216,0.6639209383589402,0.6700988466904163,0.6560955459090082,0.6672158280394852,50571283.79017067,16.200000762939453,0.013767285795074358,0.041186160284996214
2022-06-27,sh603216,0.6709225887496443,0.6754530129626646,0.6647446018618016,0.6746292709034367,58828620.66369057,16.3799991607666,0.011111011688278882,0.041186160284996214
2022-06-28,sh603216,0.6733937363709613,0.6771004970811204,0.6680394915423467,0.6746292709034367,50896805.759376526,16.3799991607666,0.0,0.041186160284996214
2022-06-29,sh603216,0.6754530129626646,0.6791597736728235,0.6602141776487812,0.6614497121812566,47506832.06350708,16.059999465942383,-0.019536001905951395,0.041186160284996214
2022-06-30,sh603216,0.6614497121812566,0.6754530129626646,0.6573311197196668,0.6668039570098713,44196108.289878845,16.190000534057617,0.008094711857925097,0.041186160284996214
2022-07-01,sh603216,0.6643327308321877,0.6688632336015745,0.6581548225007116,0.6614497121812566,40507636.26556778,16.059999465942383,-0.008029713639709946,0.041186160284996214
2022-07-04,sh603216,0.6618615832108705,0.6630971962997123,0.6519769141692354,0.6598023066191673,39280767.83087158,16.020000457763672,-0.002490598350487816,0.041186160284996214
2022-07-05,sh603216,0.6651564728914156,0.6651564728914156,0.6375617423582134,0.6437396899678728,74317804.3017292,15.630000114440918,-0.024344590023638313,0.041186160284996214
2022-07-06,sh603216,0.6429159479086449,0.6457990058377592,0.6305601312456927,0.6355024657665101,36544047.55347633,15.43000030517578,-0.012795893013484605,0.041186160284996214
2022-07-07,sh603216,0.6359142975179409,0.6392092264766692,0.6305601312456927,0.6326194078373959,29134544.02393341,15.359999656677246,-0.004536658918603664,0.041186160284996214
2022-07-08,sh603216,0.6371499106067827,0.6400329292577138,0.6330312788670098,0.6363261685475549,24011658.1190567,15.449999809265137,0.005859385065074996,0.041186160284996214
2022-07-11,sh603216,0.6515650431396215,0.6515650431396215,0.6260296284763058,0.6363261685475549,45242794.83947945,15.449999809265137,0.0,0.041186160284996214
2022-07-12,sh603216,0.6420922451276003,0.6420922451276003,0.6190279780856017,0.6202635911744436,48321304.6865406,15.0600004196167,-0.025242679253274836,0.041186160284996214
2022-07-13,sh603216,0.6202635911744436,0.6326194078373959,0.6202635911744436,0.6285008153758062,35553933.40547562,15.260000228881836,0.013280199448375996,0.041186160284996214
2022-07-14,sh603216,0.6305601312456927,0.6396210582280999,0.6252059256952611,0.6334431498966238,30196575.53396797,15.380000114440918,0.007863688319739603,0.041186160284996214
2022-07-15,sh603216,0.6392092264766692,0.6437396899678728,0.6182042753045571,0.6219110360147162,52230239.11708641,15.100000381469728,-0.018205444140945493,0.041186160284996214
2022-07-18,sh603216,0.6198517201448297,0.6359142975179409,0.6198517201448297,0.6355024657665101,35542084.76514053,15.43000030517578,0.021854299031079272,0.041186160284996214
2022-07-19,sh603216,0.6396210582280999,0.6404448002873278,0.6309719629971234,0.6371499106067827,26216864.901420593,15.470000267028809,0.0025923500364164465,0.041186160284996214
2022-07-20,sh603216,0.6396210582280999,0.6396210582280999,0.6342668526776684,0.6379736133878273,27823521.1068573,15.489999771118164,0.001292792743642135,0.041186160284996214
2022-07-21,sh603216,0.6420922451276003,0.6445633927489174,0.6346787237072823,0.6371499106067827,29359085.47028351,15.470000267028809,-0.0012911235884357497,0.041186160284996214
2022-07-22,sh603216,0.6404448002873278,0.6441515609974867,0.6322075760859652,0.6355024657665101,38182486.27981186,15.43000030517578,-0.002585647133974578,0.041186160284996214
2022-07-25,sh603216,0.6350905947368962,0.6416803740979864,0.6305601312456927,0.6334431498966238,23120047.933841705,15.380000114440918,-0.003240452997145371,0.041186160284996214
2022-07-26,sh603216,0.6334431498966238,0.6375617423582134,0.6210872939554883,0.6375617423582134,28510062.40627289,15.479999542236328,0.006501913332335851,0.041186160284996214
2022-07-27,sh603216,0.6363261685475549,0.6404448002873278,0.6338550209262377,0.6387973554470553,21399882.72519493,15.510000228881836,0.001938028910378975,0.041186160284996214
2022-07-28,sh603216,0.6429159479086449,0.6478582824294624,0.6400329292577138,0.6408566713169417,28497436.805915833,15.5600004196167,0.003223738877950133,0.041186160284996214
2022-07-29,sh603216,0.6408566713169417,0.6437396899678728,0.6342668526776684,0.6400329292577138,37068665.52831268,15.539999961853027,-0.0012853764282972913,0.041186160284996214
2022-08-01,sh603216,0.6400329292577138,0.6400329292577138,0.6309719629971234,0.6313838340267374,25291068.4752388,15.329999923706056,-0.013513516001446013,0.041186160284996214
2022-08-02,sh603216,0.6301482602160787,0.6301482602160787,0.5856672102505375,0.5926688606412415,71439871.54034042,14.390000343322754,-0.06131765068894113,0.041186160284996214
2022-08-03,sh603216,0.5943163054815139,0.6025535296828766,0.5856672102505375,0.5889620999310825,29824873.003456116,14.300000190734863,-0.006254353748480157,0.041186160284996214
2022-08-04,sh603216,0.5901976737417411,0.5992586400023315,0.5901976737417411,0.598023066191673,25942840.813671112,14.520000457763672,0.01538463385275679,0.041186160284996214
2022-08-05,sh603216,0.5971993241324451,0.604612845552763,0.5947281372329447,0.6029654007124905,24848152.702713013,14.640000343322754,0.008264454667762822,0.041186160284996214
2022-08-08,sh603216,0.6050246773041937,0.6095551800735806,0.6021416586532626,0.6062602903930355,18482300.72268486,14.720000267028809,0.005464475534834312,0.041186160284996214
2022-08-09,sh603216,0.6116144959434672,0.6342668526776684,0.6107907538842392,0.6165568304642847,49656437.64429855,14.970000267028809,0.016983695344080507,0.041186160284996214
2022-08-10,sh603216,0.608319606262922,0.6198517201448297,0.6079077352333081,0.6161449594346706,27922000.789642334,14.960000038146973,-0.0006680179494626959,0.041186160284996214
2022-08-11,sh603216,0.6173805332453293,0.6235584808549887,0.6165568304642847,0.6198517201448297,26528328.75022888,15.050000190734863,0.006016052965133412,0.041186160284996214
2022-08-12,sh603216,0.614909385624012,0.6231466098253747,0.614497514594398,0.6153212173754428,19524034.152145386,14.9399995803833,-0.007309010561958762,0.041186160284996214
2022-08-15,sh603216,0.6194398491152158,0.6194398491152158,0.608319606262922,0.6107907538842392,18208737.954948425,14.829999923706056,-0.007362761697910392,0.041186160284996214
2022-08-16,sh603216,0.6116144959434672,0.6210872939554883,0.6116144959434672,0.6202635911744436,26375947.465919495,15.0600004196167,0.015509136688732106,0.041186160284996214
2022-08-17,sh603216,0.6210872939554883,0.6252059256952611,0.6182042753045571,0.6198517201448297,17870250.4653759,15.050000190734863,-0.0006640258036653135,0.041186160284996214
2022-08-18,sh603216,0.6243821836360333,0.6243821836360333,0.6116144959434672,0.6136737725351702,19064656.539154053,14.899999618530272,-0.009966815302562937,0.041186160284996214
2022-08-19,sh603216,0.6120263276948977,0.6161449594346706,0.604612845552763,0.604612845552763,23097564.65320587,14.68000030517578,-0.014765054965564683,0.041186160284996214
2022-08-22,sh603216,0.604200974523149,0.6099670511031946,0.6033772324639212,0.6087314380143527,13746656.54875946,14.779999732971191,0.0068119499806926775,0.041186160284996214
2022-08-23,sh603216,0.6095551800735806,0.6120263276948977,0.604612845552763,0.6087314380143527,16377346.063156128,14.779999732971191,0.0,0.041186160284996214
2022-08-24,sh603216,0.608319606262922,0.6087314380143527,0.5922569896116275,0.5926688606412415,30181351.973537445,14.390000343322754,-0.026386968653214993,0.041186160284996214
2022-08-25,sh603216,0.5939044344519,0.5976111951620591,0.5873146550908099,0.5971993241324451,22858698.006450653,14.5,0.007644173318473113,0.041186160284996214
2022-08-26,sh603216,0.5963755820732172,0.6004942138129902,0.5897858027121272,0.591021415800969,17510663.65520668,14.350000381469728,-0.010344801277949789,0.041186160284996214
2022-08-29,sh603216,0.6009060848426041,0.6214991649851022,0.5930806923926721,0.6165568304642847,69882358.05629349,14.970000267028809,0.043205565789370404,0.041186160284996214
2022-08-30,sh603216,0.6223228677661468,0.6387973554470553,0.6177924042749432,0.6247940546656472,82538939.69422531,15.170000076293944,0.013360040460762779,0.041186160284996214
2022-08-31,sh603216,0.6231466098253747,0.6342668526776684,0.6128500697541256,0.6210872939554883,49779925.72779083,15.079999923706056,-0.005932772059014657,0.041186160284996214
2022-09-01,sh603216,0.6169686622157153,0.6235584808549887,0.6099670511031946,0.6107907538842392,37236877.37306976,14.829999923706056,-0.01657824942074404,0.041186160284996214
2022-09-02,sh603216,0.6157330884050567,0.6214991649851022,0.6107907538842392,0.6194398491152158,33016819.01372528,15.039999961853027,0.01416048814749371,0.041186160284996214
2022-09-05,sh603216,0.6177924042749432,0.6227347387957608,0.6120263276948977,0.6182042753045571,21873148.498579025,15.010000228881836,-0.0019946631015479444,0.041186160284996214
2022-09-06,sh603216,0.6140856435647842,0.6235584808549887,0.6140856435647842,0.6219110360147162,28679536.811065674,15.100000381469728,0.005996012739208023,0.041186160284996214
2022-09-07,sh603216,0.6214991649851022,0.6256177574466918,0.6194398491152158,0.6219110360147162,24729180.69934845,15.100000381469728,0.0,0.041186160284996214
2022-09-08,sh603216,0.6219110360147162,0.6239703126064192,0.6182042753045571,0.6190279780856017,19982974.72512436,15.029999732971191,-0.004635804419213074,0.041186160284996214
2022-09-09,sh603216,0.6177924042749432,0.6577429907492809,0.6177924042749432,0.6470345796484178,111867578.04364777,15.710000038146973,0.04524286874630268,0.041186160284996214
2022-09-13,sh603216,0.6420922451276003,0.6614497121812566,0.6367380395771688,0.6589785645599394,128669071.4387989,16.0,0.018459577412403005,0.041186160284996214
2022-09-14,sh603216,0.6495057665479183,0.6696869756608024,0.6457990058377592,0.6569192486900529,97425420.87521935,15.949999809265137,-0.003125011920928955,0.041186160284996214
2022-09-15,sh603216,0.6610378411516427,0.6795716447024375,0.6507413403585768,0.6643327308321877,131112489.30789948,16.1299991607666,0.011285225934416943,0.041186160284996214
2022-09-16,sh603216,0.6573311197196668,0.6606260486783951,0.6297363891864648,0.6305601312456927,94053924.25987244,15.3100004196167,-0.05083687438399909,0.041186160284996214
2022-09-19,sh603216,0.6305601312456927,0.6363261685475549,0.5955518792921726,0.6029654007124905,66267138.79405403,14.640000343322754,-0.04376225068129158,0.041186160284996214
2022-09-20,sh603216,0.6054365483338077,0.6223228677661468,0.6054365483338077,0.6219110360147162,58612989.97759247,15.100000381469728,0.03142076689614148,0.041186160284996214
2022-09-21,sh603216,0.6260296284763058,0.6260296284763058,0.6066721221444663,0.6128500697541256,37674354.42544174,14.880000114440918,-0.014569553739799068,0.041186160284996214
2022-09-22,sh603216,0.6157330884050567,0.6742174784301893,0.6157330884050567,0.6742174784301893,131813525.76772499,16.3700008392334,0.10013445654119635,0.041186160284996214
2022-09-23,sh603216,0.6935749454838456,0.7009884669041635,0.6511532113881907,0.6544481010687359,330729568.03312874,15.890000343322754,-0.029321959151049293,0.041186160284996214
2022-09-26,sh603216,0.6577429907492809,0.6680394915423467,0.6457990058377592,0.6503294693289629,178899124.09931946,15.789999961853027,-0.0062932900760916954,0.041186160284996214
2022-09-27,sh603216,0.6499175982993489,0.6672158280394852,0.6392092264766692,0.6672158280394852,185855441.41604614,16.200000762939453,0.02596585193647516,0.041186160284996214
2022-09-28,sh603216,0.6589785645599394,0.6960460931051627,0.6466227086188039,0.6742174784301893,243726313.1726513,16.3700008392334,0.010493831375789409,0.041186160284996214
2022-09-29,sh603216,0.6713343812228917,0.6721581232821195,0.6519769141692354,0.6651564728914156,162795413.64390182,16.149999618530273,-0.013439291962396016,0.041186160284996214
2022-09-30,sh603216,0.6614497121812566,0.6651564728914156,0.6412685030683725,0.6453871348081452,111867286.68363953,15.670000076293944,-0.02972133458663273,0.041186160284996214
2022-10-10,sh603216,0.6433278189382589,0.6466227086188039,0.6037891034935352,0.6070839931740802,117480264.40237617,14.739999771118164,-0.059349093851168044,0.041186160284996214
2022-10-11,sh603216,0.6004942138129902,0.6074958642036942,0.572899483279788,0.5786655598598335,96577199.05123138,14.050000190734863,-0.04681136981666034,0.041186160284996214
2022-10-12,sh603216,0.5782536888302195,0.5840197654102649,0.5473640686164724,0.583607894380651,113184743.8008976,14.170000076293944,0.008540917005696036,0.041186160284996214
2022-10-13,sh603216,0.5712520384395154,0.5811367074811506,0.5687808908181984,0.5708401674099015,60175942.18179321,13.859999656677246,-0.0218772348586872,0.041186160284996214
2022-10-14,sh603216,0.5737232253390158,0.583196023351037,0.572899483279788,0.5823723205699924,67011660.73510933,14.140000343322754,0.02020207024396381,0.041186160284996214
2022-10-17,sh603216,0.5778418178006055,0.5897858027121272,0.5778418178006055,0.5893739709606964,54999567.435403824,14.3100004196167,0.012022635938210735,0.041186160284996214
2022-10-18,sh603216,0.5897858027121272,0.5951400082625586,0.583607894380651,0.5856672102505375,60128838.98046112,14.220000267028809,-0.0062893186547021696,0.041186160284996214
2022-10-19,sh603216,0.5819604495403785,0.5848434681913096,0.5667215749483119,0.5675452777293565,74606226.42988586,13.779999732971191,-0.030942371715549366,0.041186160284996214
2022-10-20,sh603216,0.5609554983682664,0.5683690197885843,0.5576606086877214,0.5613673693978803,60717628.997112274,13.630000114440918,-0.010885313602101987,0.041186160284996214
2022-10-21,sh603216,0.562602943208539,0.5667215749483119,0.5572487376581075,0.5605436273386525,39065452.78478241,13.609999656677246,-0.001467385003356081,0.041186160284996214
2022-10-24,sh603216,0.562602943208539,0.566309703918698,0.5481878106757002,0.5498352555159728,59702773.528411865,13.350000381469728,-0.01910354752139609,0.041186160284996214
2022-10-25,sh603216,0.5646622590784254,0.5671334459779258,0.5481878106757002,0.5564250348770629,45501741.04680252,13.510000228881836,0.011985006954321475,0.041186160284996214
2022-10-26,sh603216,0.5527182741669038,0.5634266852677667,0.5527182741669038,0.5621910721789249,42580298.52418327,13.649999618530272,0.01036264894719574,0.041186160284996214
2022-10-27,sh603216,0.5601317955872219,0.565897832889084,0.5584843507469492,0.5642503880488114,35907693.01548004,13.699999809265137,0.0036630177386223206,0.041186160284996214
2022-10-28,sh603216,0.5621910721789249,0.5621910721789249,0.5477759396460863,0.5531301451965177,37760087.10786629,13.43000030517578,-0.019707993273602842,0.041186160284996214
2022-10-31,sh603216,0.5547775900367903,0.5634266852677667,0.5535419769479485,0.5601317955872219,32256490.792222977,13.600000381469728,0.012658233241322536,0.041186160284996214
2022-11-01,sh603216,0.5568369059066768,0.565897832889084,0.5568369059066768,0.5646622590784254,49342909.9954319,13.710000038146973,0.008088209822929127,0.041186160284996214
2022-11-02,sh603216,0.5650741301080393,0.5712520384395154,0.5634266852677667,0.5700164646288569,51688333.78176117,13.84000015258789,0.009482138153114716,0.041186160284996214
2022-11-03,sh603216,0.5708401674099015,0.5708401674099015,0.5650741301080393,0.5667215749483119,37458505.21933746,13.760000228881836,-0.005780341244511877,0.041186160284996214
2022-11-04,sh603216,0.566309703918698,0.5733113543094018,0.5650741301080393,0.572487612250174,51099470.925107956,13.899999618530272,0.010174374078466997,0.041186160284996214
2022-11-07,sh603216,0.5799011336704921,0.5844315971616957,0.5712520384395154,0.5811367074811506,59401215.91988373,14.109999656677246,0.015107916828071,0.041186160284996214
2022-11-08,sh603216,0.5840197654102649,0.591021415800969,0.5778418178006055,0.5794892626408782,46918576.20687103,14.06999969482422,-0.002834866252749757,0.041186160284996214
2022-11-09,sh603216,0.5799011336704921,0.5852553392209235,0.5790774308894474,0.5799011336704921,41941953.026130676,14.079999923706056,0.0007107483367974066,0.041186160284996214
2022-11-10,sh603216,0.5745469281200605,0.5790774308894474,0.5720757804987434,0.5757825019307191,34551630.6971302,13.979999542236328,-0.00710229985877775,0.041186160284996214
2022-11-11,sh603216,0.583196023351037,0.6004942138129902,0.5803130047001059,0.5930806923926721,101689887.3558197,14.399999618530272,0.030042924896030332,0.041186160284996214
2022-11-14,sh603216,0.604612845552763,0.6136737725351702,0.590609544771355,0.5926688606412415,97181916.74833298,14.390000343322754,-0.000694394130028364,0.041186160284996214
2022-11-15,sh603216,0.5930806923926721,0.6000823427833762,0.590609544771355,0.5971993241324451,67816785.5578785,14.5,0.007644173318473113,0.041186160284996214
2022-11-16,sh603216,0.5939044344519,0.5967874531028311,0.5864909130315821,0.5889620999310825,50313600.1428833,14.300000190734863,-0.013793090294147325,0.041186160284996214
2022-11-17,sh603216,0.587726526120424,0.5889620999310825,0.5852553392209235,0.5889620999310825,31287208.8848114,14.300000190734863,0.0,0.041186160284996214
2022-11-18,sh603216,0.5889620999310825,0.5897858027121272,0.5786655598598335,0.5803130047001059,48213889.963502884,14.09000015258789,-0.014685317157060895,0.041186160284996214
2022-11-21,sh603216,0.5782536888302195,0.5815485785107646,0.572487612250174,0.5811367074811506,28687500.651290894,14.109999656677246,0.0014194112045968765,0.041186160284996214
2022-11-22,sh603216,0.5815485785107646,0.587726526120424,0.576606243989947,0.5794892626408782,35424229.641807556,14.06999969482422,-0.002834866252749757,0.041186160284996214
2022-11-23,sh603216,0.5790774308894474,0.5794892626408782,0.5675452777293565,0.572487612250174,34314245.13041687,13.899999618530272,-0.012082450602787453,0.041186160284996214
2022-11-24,sh603216,0.5803130047001059,0.5803130047001059,0.5737232253390158,0.5770181150195609,29686525.55954361,14.010000228881836,0.007913713192115646,0.041186160284996214
2022-11-25,sh603216,0.5782536888302195,0.583196023351037,0.5745469281200605,0.5790774308894474,45495598.2066288,14.0600004196167,0.0035688929277664094,0.041186160284996214
2022-11-28,sh603216,0.5687808908181984,0.572487612250174,0.5621910721789249,0.5675452777293565,47247691.61617851,13.779999732971191,-0.019914699736057417,0.041186160284996214
2022-11-29,sh603216,0.5815485785107646,0.5930806923926721,0.5778418178006055,0.591021415800969,96641371.09304619,14.350000381469728,0.04136434394368704,0.041186160284996214
2022-11-30,sh603216,0.5893739709606964,0.5930806923926721,0.582784152321423,0.583607894380651,45607553.28979492,14.170000076293944,-0.012543574940124813,0.041186160284996214
2022-12-01,sh603216,0.587726526120424,0.5897858027121272,0.582784152321423,0.5848434681913096,37245229.69330597,14.199999809265137,0.0021171300500824053,0.041186160284996214
2022-12-02,sh603216,0.5840197654102649,0.586902784061196,0.5815485785107646,0.586902784061196,27462428.936645508,14.25,0.003521140239892029,0.041186160284996214
2022-12-05,sh603216,0.5885502289014686,0.6033772324639212,0.587726526120424,0.6000823427833762,77149362.26180649,14.56999969482422,0.022456118935032965,0.041186160284996214
2022-12-06,sh603216,0.5963755820732172,0.6009060848426041,0.5918451185820136,0.5934925634222861,49309573.554489136,14.40999984741211,-0.01098145852871557,0.041186160284996214
2022-12-07,sh603216,0.5943163054815139,0.5951400082625586,0.5885502289014686,0.5926688606412415,28721395.53224945,14.390000343322754,-0.0013878906524033008,0.041186160284996214
2022-12-08,sh603216,0.5918451185820136,0.5988467689727176,0.5848434681913096,0.5939044344519,38715529.414886475,14.420000076293944,0.0020847624916917606,0.041186160284996214
2022-12-09,sh603216,0.5939044344519,0.604612845552763,0.5914332475523997,0.604200974523149,68558102.53884315,14.670000076293944,0.017337031808411174,0.041186160284996214
2022-12-12,sh603216,0.6033772324639212,0.6182042753045571,0.5988467689727176,0.6074958642036942,105521368.58417511,14.75,0.005453300837764408,0.041186160284996214
2022-12-13,sh603216,0.6050246773041937,0.6548599328201664,0.604200974523149,0.6309719629971234,165951619.49316025,15.31999969482422,0.038644047106726864,0.041186160284996214
2022-12-14,sh603216,0.6239703126064192,0.6305601312456927,0.6173805332453293,0.6214991649851022,80544070.55780983,15.09000015258789,-0.015013025249212886,0.041186160284996214
2022-12-15,sh603216,0.6210872939554883,0.6260296284763058,0.6095551800735806,0.6128500697541256,51718610.94261742,14.880000114440918,-0.013916503381277812,0.041186160284996214
2022-12-16,sh603216,0.6124381987245117,0.6342668526776684,0.6054365483338077,0.6198517201448297,83474253.88067627,15.050000190734863,0.011424736222210186,0.041186160284996214
2022-12-19,sh603216,0.6198517201448297,0.6235584808549887,0.6087314380143527,0.6120263276948977,54943990.51383209,14.859999656677246,-0.01262462004316689,0.041186160284996214
2022-12-20,sh603216,0.6058484193634216,0.6219110360147162,0.5967874531028311,0.6079077352333081,48023413.35811615,14.760000228881836,-0.006729436750052442,0.041186160284996214
2022-12-21,sh603216,0.6116144959434672,0.614909385624012,0.5939044344519,0.6017297876236487,32839477.888710022,14.609999656677246,-0.010162640235673814,0.041186160284996214
2022-12-22,sh603216,0.6074958642036942,0.6173805332453293,0.5918451185820136,0.5934925634222861,34624057.93917847,14.40999984741211,-0.013689241202256341,0.041186160284996214
2022-12-23,sh603216,0.5930806923926721,0.5967874531028311,0.582784152321423,0.5860790420019681,26008081.17551613,14.229999542236328,-0.012491346778751522,0.041186160284996214
2022-12-26,sh603216,0.5852553392209235,0.5914332475523997,0.583607894380651,0.591021415800969,20934216.592025757,14.350000381469728,0.008432947511854971,0.041186160284996214
2022-12-27,sh603216,0.5926688606412415,0.6033772324639212,0.5881383578718546,0.5947281372329447,28822788.815116882,14.4399995803833,0.006271721011923415,0.041186160284996214
2022-12-28,sh603216,0.5930806923926721,0.5930806923926721,0.5749587991496745,0.5774299860491748,48184414.042669296,14.020000457763672,-0.029085812660977983,0.041186160284996214
2022-12-29,sh603216,0.5774299860491748,0.5774299860491748,0.5687808908181984,0.570428335658471,27334788.973035812,13.850000381469728,-0.012125539995956669,0.041186160284996214
2022-12-30,sh603216,0.5733113543094018,0.5757825019307191,0.5617792404274943,0.5654859618594701,32548433.520479202,13.729999542236328,-0.008664320283626292,0.041186160284996214
2023-01-03,sh603216,0.5642503880488114,0.572487612250174,0.559308053527994,0.5720757804987434,38253141.08181,13.890000343322754,0.01165337264536892,0.041186160284996214
2023-01-04,sh603216,0.5716639094691295,0.5988467689727176,0.5654859618594701,0.5914332475523997,79520304.32885742,14.359999656677246,0.03383724274567301,0.041186160284996214
2023-01-05,sh603216,0.5967874531028311,0.5971993241324451,0.5844315971616957,0.5897858027121272,30442629.060926437,14.31999969482422,-0.002785512730456463,0.041186160284996214
2023-01-06,sh603216,0.5897858027121272,0.6107907538842392,0.5897858027121272,0.598023066191673,55088893.55792999,14.520000457763672,0.01396653402246506,0.041186160284996214
2023-01-09,sh603216,0.5963755820732172,0.6033772324639212,0.5897858027121272,0.590609544771355,41414348.61120987,14.34000015258789,-0.012396714841667711,0.041186160284996214
2023-01-10,sh603216,0.5897858027121272,0.5947281372329447,0.5815485785107646,0.583196023351037,44793323.466768265,14.15999984741211,-0.01255232240309967,0.041186160284996214
2023-01-11,sh603216,0.583196023351037,0.587726526120424,0.572899483279788,0.5741350570904465,35594456.72662163,13.9399995803833,-0.015536742189232178,0.041186160284996214
2023-01-12,sh603216,0.5687808908181984,0.5770181150195609,0.5679571487589704,0.5745469281200605,32958061.4120636,13.949999809265137,0.0007173765554417955,0.041186160284996214
2023-01-13,sh603216,0.5737232253390158,0.6276770733165783,0.5696045935992431,0.6054365483338077,169337902.62892532,14.699999809265137,0.053763441595309214,0.041186160284996214
2023-01-16,sh603216,0.601317955872218,0.6107907538842392,0.598023066191673,0.6037891034935352,87966393.9277153,14.65999984741211,-0.0027210858756485656,0.041186160284996214
2023-01-17,sh603216,0.6037891034935352,0.6037891034935352,0.5914332475523997,0.5963755820732172,41080522.88176918,14.479999542236328,-0.012278329266664723,0.041186160284996214
2023-01-18,sh603216,0.5939044344519,0.5976111951620591,0.591021415800969,0.5926688606412415,34484884.975242615,14.390000343322754,-0.006215414486102522,0.041186160284996214
2023-01-19,sh603216,0.591021415800969,0.5934925634222861,0.5873146550908099,0.5922569896116275,32677773.084136963,14.380000114440918,-0.0006949429216988046,0.041186160284996214
2023-01-20,sh603216,0.5901976737417411,0.5951400082625586,0.5889620999310825,0.5943163054815139,40965217.1585083,14.43000030517578,0.0034770646965884833,0.041186160284996214
2023-01-30,sh603216,0.598023066191673,0.6033772324639212,0.5955518792921726,0.5984348979431037,54821983.5103817,14.529999732971191,0.006929967129629455,0.041186160284996214
2023-01-31,sh603216,0.598023066191673,0.6037891034935352,0.5939044344519,0.6033772324639212,46923529.32701111,14.649999618530272,0.00825876722397867,0.041186160284996214
2023-02-01,sh603216,0.6033772324639212,0.608319606262922,0.6009060848426041,0.6079077352333081,42466983.7609787,14.760000228881836,0.007508574280945979,0.041186160284996214
2023-02-02,sh603216,0.6070839931740802,0.614909385624012,0.6058484193634216,0.6070839931740802,59000401.668548584,14.739999771118164,-0.0013550445429219016,0.041186160284996214
2023-02-03,sh603216,0.6099670511031946,0.6112026249138531,0.5963755820732172,0.6033772324639212,53403764.39027405,14.649999618530272,-0.006105844910814784,0.041186160284996214
2023-02-06,sh603216,0.6000823427833762,0.6050246773041937,0.5971993241324451,0.6021416586532626,29007316.82033539,14.619999885559082,-0.002047763396064828,0.041186160284996214
2023-02-07,sh603216,0.6017297876236487,0.6116144959434672,0.601317955872218,0.6116144959434672,52572101.52675438,14.850000381469728,0.015731908188168386,0.041186160284996214
2023-02-08,sh603216,0.614909385624012,0.614909385624012,0.6062602903930355,0.6074958642036942,36561626.273973465,14.75,-0.006734032249218758,0.041186160284996214
2023-02-09,sh603216,0.6054365483338077,0.6136737725351702,0.6050246773041937,0.6132619407837396,36295493.18644714,14.890000343322754,0.009491548699847696,0.041186160284996214
2023-02-10,sh603216,0.6116144959434672,0.6190279780856017,0.6107907538842392,0.6128500697541256,41443436.05203247,14.880000114440918,-0.0006716070282913877,0.041186160284996214
2023-02-13,sh603216,0.6132619407837396,0.6260296284763058,0.6128500697541256,0.6256177574466918,77562365.07348633,15.1899995803833,0.02083329728213723,0.041186160284996214
2023-02-14,sh603216,0.6260296284763058,0.6375617423582134,0.6239703126064192,0.6268533705355337,75933492.66742134,15.220000267028809,0.0019750288001489924,0.041186160284996214
2023-02-15,sh603216,0.6280889443461922,0.6301482602160787,0.6223228677661468,0.6247940546656472,61460936.93813324,15.170000076293944,-0.0032851635911715915,0.041186160284996214
2023-02-16,sh603216,0.6285008153758062,0.6285008153758062,0.6025535296828766,0.6054365483338077,67735666.07558441,14.699999809265137,-0.030982219160517577,0.041186160284996214
2023-02-17,sh603216,0.6070839931740802,0.6140856435647842,0.6037891034935352,0.604200974523149,42674432.0868454,14.670000076293944,-0.002040798187785353,0.041186160284996214
2023-02-20,sh603216,0.6079077352333081,0.6276770733165783,0.6029654007124905,0.6276770733165783,80880737.04733086,15.239999771118164,0.03885478472118864,0.041186160284996214
2023-02-21,sh603216,0.6276770733165783,0.6342668526776684,0.6239703126064192,0.6297363891864648,64345595.25971222,15.289999961853027,0.0032808524596976696,0.041186160284996214
2023-02-22,sh603216,0.6268533705355337,0.6482701534590765,0.6231466098253747,0.6478582824294624,113626979.73340416,15.729999542236328,0.028776951045196508,0.041186160284996214
2023-02-23,sh603216,0.6466227086188039,0.6684513625719606,0.6466227086188039,0.6495057665479183,143382266.25489235,15.770000457763672,0.002542969910452886,0.041186160284996214
2023-02-24,sh603216,0.6548599328201664,0.6775123681107343,0.6437396899678728,0.6725699943117335,224211821.06077576,16.329999923706055,0.03551042800805315,0.041186160284996214
2023-02-27,sh603216,0.6700988466904163,0.6700988466904163,0.6536243590095079,0.6556836748793943,119697295.54507446,15.920000076293944,-0.025107155500773692,0.041186160284996214
2023-02-28,sh603216,0.653212487979894,0.6779241605839817,0.6486820244886904,0.6758648839922785,143634414.06202316,16.40999984741211,0.03077887994785944,0.041186160284996214
2023-03-01,sh603216,0.6738056074005754,0.6771004970811204,0.6655683439210295,0.6750411419330506,97213335.0692215,16.389999389648438,-0.0012187969500088158,0.041186160284996214
2023-03-02,sh603216,0.6754530129626646,0.6795716447024375,0.6606260486783951,0.6626853252700984,85325628.21303368,16.09000015258789,-0.018303797939737576,0.041186160284996214
2023-03-03,sh603216,0.6639209383589402,0.6663920859802573,0.6536243590095079,0.6573311197196668,56861333.608055115,15.960000038146973,-0.008079559553018978,0.041186160284996214
2023-03-06,sh603216,0.6577429907492809,0.6598023066191673,0.6408566713169417,0.64621083758919,88206814.49451447,15.6899995803833,-0.016917321874581948,0.041186160284996214
2023-03-07,sh603216,0.6457990058377592,0.6457990058377592,0.6264414995059198,0.6280889443461922,71009290.00816345,15.25,-0.028043313712603157,0.041186160284996214
2023-03-08,sh603216,0.6285008153758062,0.6346787237072823,0.6280889443461922,0.6326194078373959,44765037.26596832,15.359999656677246,0.0072130922411308696,0.041186160284996214
2023-03-09,sh603216,0.6326194078373959,0.6330312788670098,0.6214991649851022,0.6235584808549887,53670892.95782852,15.140000343322754,-0.014322872283324184,0.041186160284996214
2023-03-10,sh603216,0.6202635911744436,0.6247940546656472,0.6120263276948977,0.6136737725351702,70201227.3053112,14.899999618530272,-0.01585209506935914,0.041186160284996214
2023-03-13,sh603216,0.6099670511031946,0.6190279780856017,0.6058484193634216,0.6112026249138531,39904181.12850189,14.84000015258789,-0.004026809897885064,0.041186160284996214
2023-03-14,sh603216,0.6095551800735806,0.6112026249138531,0.5939044344519,0.5996705110319455,44914893.4302063,14.5600004196167,-0.01886790634044322,0.041186160284996214
2023-03-15,sh603216,0.604612845552763,0.608319606262922,0.6021416586532626,0.604612845552763,29116576.823425293,14.68000030517578,0.00824175014427908,0.041186160284996214
2023-03-16,sh603216,0.601317955872218,0.601317955872218,0.5926688606412415,0.5947281372329447,30702060.868263245,14.4399995803833,-0.016348822874878377,0.041186160284996214
2023-03-17,sh603216,0.5971993241324451,0.6009060848426041,0.5930806923926721,0.5955518792921726,36699221.037864685,14.460000038146973,0.001385073292581085,0.041186160284996214
2023-03-20,sh603216,0.5992586400023315,0.6091433090439666,0.5922569896116275,0.6017297876236487,37384499.77724457,14.609999656677246,0.010373417575004096,0.041186160284996214
2023-03-21,sh603216,0.6021416586532626,0.6157330884050567,0.6000823427833762,0.614909385624012,54929106.87341118,14.93000030517578,0.02190285119906088,0.041186160284996214
2023-03-22,sh603216,0.6157330884050567,0.6210872939554883,0.6120263276948977,0.6173805332453293,44556326.38006592,14.989999771118164,0.004018718333286708,0.041186160284996214
2023-03-23,sh603216,0.6177924042749432,0.6219110360147162,0.6120263276948977,0.6186161463341711,35182910.71498299,15.020000457763672,0.0020013800602793896,0.041186160284996214
2023-03-24,sh603216,0.6173805332453293,0.6182042753045571,0.6091433090439666,0.6103788828546253,31410454.168296814,14.81999969482422,-0.013315629616780233,0.041186160284996214
2023-03-27,sh603216,0.6099670511031946,0.614909385624012,0.5992586400023315,0.604612845552763,22883900.64716339,14.68000030517578,-0.009446652667431166,0.041186160284996214
2023-03-28,sh603216,0.6054365483338077,0.6054365483338077,0.5914332475523997,0.5930806923926721,44012357.24468231,14.399999618530272,-0.019073615859993343,0.041186160284996214
2023-03-29,sh603216,0.5930806923926721,0.5955518792921726,0.583607894380651,0.5848434681913096,31713662.816871643,14.199999809265137,-0.0138888760113417,0.041186160284996214
2023-03-30,sh603216,0.5848434681913096,0.5951400082625586,0.58072487572972,0.591021415800969,31020031.757255554,14.350000381469728,0.010563420719676309,0.041186160284996214
2023-03-31,sh603216,0.591021415800969,0.5951400082625586,0.5889620999310825,0.591021415800969,17740813.781715393,14.350000381469728,0.0,0.041186160284996214
2023-04-03,sh603216,0.6128500697541256,0.6140856435647842,0.5918451185820136,0.6029654007124905,30290442.016622543,14.640000343322754,0.02020905603790113,0.041186160284996214
2023-04-04,sh603216,0.6029654007124905,0.6054365483338077,0.5914332475523997,0.5943163054815139,28483864.285531998,14.43000030517578,-0.014344264564362108,0.041186160284996214
2023-04-06,sh603216,0.6009060848426041,0.6009060848426041,0.5856672102505375,0.5860790420019681,28181214.07697296,14.229999542236328,-0.013860066438648233,0.041186160284996214
2023-04-07,sh603216,0.586902784061196,0.5971993241324451,0.5848434681913096,0.5939044344519,24225904.84511566,14.420000076293944,0.01335211104495615,0.041186160284996214
2023-04-10,sh603216,0.5963755820732172,0.5967874531028311,0.5848434681913096,0.5852553392209235,24734036.69948578,14.210000038146973,-0.014563109364486349,0.041186160284996214
2023-04-11,sh603216,0.5860790420019681,0.5897858027121272,0.5815485785107646,0.5852553392209235,17464264.5738945,14.210000038146973,0.0,0.041186160284996214
2023-04-12,sh603216,0.5852553392209235,0.5889620999310825,0.582784152321423,0.586902784061196,16665743.911312103,14.25,0.0028149163790041065,0.041186160284996214
2023-04-13,sh603216,0.5852553392209235,0.5864909130315821,0.5823723205699924,0.5848434681913096,18721240.20944214,14.199999809265137,-0.003508785314727203,0.041186160284996214
2023-04-14,sh603216,0.5848434681913096,0.587726526120424,0.5823723205699924,0.5844315971616957,15930108.450508118,14.1899995803833,-0.0007042414800112473,0.041186160284996214
2023-04-17,sh603216,0.5848434681913096,0.5901976737417411,0.5840197654102649,0.5901976737417411,18910964.134807587,14.329999923706056,0.009866127375810274,0.041186160284996214
2023-04-18,sh603216,0.5889620999310825,0.5943163054815139,0.5860790420019681,0.5918451185820136,27154072.92792511,14.369999885559082,0.0027913441776683534,0.041186160284996214
2023-04-19,sh603216,0.5901976737417411,0.591021415800969,0.5803130047001059,0.58072487572972,28178203.356887817,14.100000381469728,-0.018789109689603123,0.041186160284996214
2023-04-20,sh603216,0.58072487572972,0.58072487572972,0.570428335658471,0.5757825019307191,26987220.763206482,13.979999542236328,-0.008510697587718163,0.041186160284996214
2023-04-21,sh603216,0.5753706701792884,0.5815485785107646,0.5654859618594701,0.5671334459779258,21791300.616264343,13.770000457763672,-0.015021394230966045,0.041186160284996214
2023-04-24,sh603216,0.5679571487589704,0.5745469281200605,0.5630148142381528,0.5712520384395154,17571436.496925354,13.869999885559082,0.007262122329054099,0.041186160284996214
2023-04-25,sh603216,0.572487612250174,0.5741350570904465,0.5518945321076759,0.5601317955872219,22138456.066082,13.600000381469728,-0.019466438811615805,0.041186160284996214
2023-04-26,sh603216,0.5601317955872219,0.570428335658471,0.5601317955872219,0.5683690197885843,12740226.240297318,13.800000190734863,0.014705867915830284,0.041186160284996214
2023-04-27,sh603216,0.5683690197885843,0.5757825019307191,0.5654859618594701,0.5741350570904465,18430948.521232605,13.9399995803833,0.010144883167641616,0.041186160284996214
2023-04-28,sh603216,0.5547775900367903,0.5621910721789249,0.5477759396460863,0.5597199245576079,49466640.878931046,13.59000015258789,-0.025107563725320192,0.041186160284996214
2023-05-04,sh603216,0.5580724797173353,0.5671334459779258,0.5572487376581075,0.5634266852677667,24044484.679985046,13.68000030517578,0.006622527709887471,0.041186160284996214
2023-05-05,sh603216,0.5638385170191975,0.5671334459779258,0.5564250348770629,0.5667215749483119,25095808.709716797,13.760000228881836,0.005847947508874629,0.041186160284996214
2023-05-08,sh603216,0.5667215749483119,0.5667215749483119,0.5605436273386525,0.5621910721789249,13981516.995401382,13.649999618530272,-0.00799423027048185,0.041186160284996214
2023-05-09,sh603216,0.5617792404274943,0.5642503880488114,0.5556012928178349,0.5564250348770629,21645839.13215065,13.510000228881836,-0.010256365828639424,0.041186160284996214
2023-05-10,sh603216,0.5564250348770629,0.5609554983682664,0.5539538479775624,0.5597199245576079,12212646.105377197,13.59000015258789,0.005921533852755179,0.041186160284996214
2023-05-11,sh603216,0.5601317955872219,0.5683690197885843,0.5601317955872219,0.5679571487589704,15598565.041131973,13.789999961853027,0.014716689258244875,0.041186160284996214
2023-05-12,sh603216,0.5679571487589704,0.5708401674099015,0.5642503880488114,0.5650741301080393,10357848.292922974,13.720000267028809,-0.005076120015798158,0.041186160284996214
2023-05-15,sh603216,0.5671334459779258,0.5675452777293565,0.5601317955872219,0.5671334459779258,9419766.186393738,13.770000457763672,0.0036443286998339985,0.041186160284996214
2023-05-16,sh603216,0.5679571487589704,0.5700164646288569,0.5654859618594701,0.5687808908181984,12623172.356987,13.8100004196167,0.0029048627830998708,0.041186160284996214
2023-05-17,sh603216,0.5716639094691295,0.5716639094691295,0.565897832889084,0.570428335658471,11591272.327804565,13.850000381469728,0.002896448996207779,0.041186160284996214
2023-05-18,sh603216,0.570428335658471,0.5737232253390158,0.5667215749483119,0.5683690197885843,13912149.033439636,13.800000190734863,-0.003610121975286096,0.041186160284996214
2023-05-19,sh603216,0.5708401674099015,0.5741350570904465,0.5654859618594701,0.572487612250174,12406133.430849075,13.899999618530272,0.007246335247339086,0.041186160284996214
2023-05-22,sh603216,0.572899483279788,0.5799011336704921,0.5700164646288569,0.5799011336704921,15376815.79486084,14.079999923706056,0.012949662598251033,0.041186160284996214
2023-05-23,sh603216,0.5790774308894474,0.5799011336704921,0.5720757804987434,0.5749587991496745,13433444.539901733,13.960000038146973,-0.008522719191002559,0.041186160284996214
2023-05-24,sh603216,0.576194372960333,0.576194372960333,0.5687808908181984,0.5741350570904465,9928092.280769348,13.9399995803833,-0.0014326975436259604,0.041186160284996214
2023-05-25,sh603216,0.5737232253390158,0.5749587991496745,0.565897832889084,0.5733113543094018,11214252.477142334,13.920000076293944,-0.0014346846980900496,0.041186160284996214
2023-05-26,sh603216,0.5733113543094018,0.5782536888302195,0.5601317955872219,0.5778418178006055,24156172.683143616,14.029999732971191,0.007902274143272381,0.041186160284996214
2023-05-29,sh603216,0.5778418178006055,0.5786655598598335,0.5630148142381528,0.5642503880488114,22696847.521873474,13.699999809265137,-0.023521021381813667,0.041186160284996214
2023-05-30,sh603216,0.5630148142381528,0.5654859618594701,0.5543657190071763,0.5605436273386525,18817000.53215027,13.609999656677246,-0.006569354294955865,0.041186160284996214
2023-05-31,sh603216,0.5601317955872219,0.5621910721789249,0.5531301451965177,0.555189421788221,12963092.366600037,13.479999542236328,-0.009551808796493089,0.041186160284996214
2023-06-01,sh603216,0.5539538479775624,0.5580724797173353,0.5498352555159728,0.5556012928178349,15614468.441581726,13.489999771118164,0.0007418567671684251,0.041186160284996214
2023-06-02,sh603216,0.5560131638474489,0.5683690197885843,0.5556012928178349,0.565897832889084,27374341.094154358,13.739999771118164,0.018532246422660936,0.041186160284996214
2023-06-05,sh603216,0.5679571487589704,0.5683690197885843,0.5601317955872219,0.562602943208539,18851575.25312805,13.65999984741211,-0.005822410847066917,0.041186160284996214
2023-06-06,sh603216,0.5597199245576079,0.5679571487589704,0.5560131638474489,0.5560131638474489,25964255.774276733,13.5,-0.011713019707128458,0.041186160284996214
2023-06-07,sh603216,0.5580724797173353,0.5646622590784254,0.5564250348770629,0.5572487376581075,19040959.258483887,13.529999732971191,0.002222202442310417,0.041186160284996214
2023-06-08,sh603216,0.5560131638474489,0.5638385170191975,0.5547775900367903,0.5605436273386525,21026480.59463501,13.609999656677246,0.005912780878413626,0.041186160284996214
2023-06-09,sh603216,0.5613673693978803,0.5634266852677667,0.5535419769479485,0.5556012928178349,20803104.58831787,13.489999771118164,-0.00881703810331902,0.041186160284996214
2023-06-12,sh603216,0.5556012928178349,0.5700164646288569,0.5498352555159728,0.5675452777293565,34103688.96446228,13.779999732971191,0.021497403022490147,0.041186160284996214
2023-06-13,sh603216,0.5675452777293565,0.5741350570904465,0.5630148142381528,0.5646622590784254,12934539.085792542,13.710000038146973,-0.0050798037866961465,0.041186160284996214
2023-06-14,sh603216,0.5642503880488114,0.5679571487589704,0.5609554983682664,0.5638385170191975,14005287.116073608,13.6899995803833,-0.0014588225899360152,0.041186160284996214
2023-06-15,sh603216,0.5675452777293565,0.5675452777293565,0.5564250348770629,0.5576606086877214,24378868.84944153,13.539999961853027,-0.010956875319792614,0.041186160284996214
2023-06-16,sh603216,0.5597199245576079,0.5634266852677667,0.5576606086877214,0.5601317955872219,18767760.69075775,13.600000381469728,0.004431345626716654,0.041186160284996214
2023-06-19,sh603216,0.5617792404274943,0.5679571487589704,0.5531301451965177,0.5543657190071763,20963352.59284973,13.460000038146973,-0.01029414260263617,0.041186160284996214
2023-06-20,sh603216,0.5543657190071763,0.5560131638474489,0.5510708293266313,0.5523064031372898,14147956.400108337,13.40999984741211,-0.0037147244125674828,0.041186160284996214
2023-06-21,sh603216,0.5523064031372898,0.5535419769479485,0.5461284948058137,0.5477759396460863,18637328.52706909,13.300000190734863,-0.008202808197531386,0.041186160284996214
2023-06-26,sh603216,0.5477759396460863,0.5477759396460863,0.5374793995748373,0.5407742892553823,20708412.585639954,13.130000114440918,-0.012781960440299223,0.041186160284996214
2023-06-27,sh603216,0.5399505471961544,0.5675452777293565,0.5395387154447238,0.5556012928178349,42611983.925079346,13.489999771118164,0.02741810004108869,0.041186160284996214
2023-06-28,sh603216,0.5556012928178349,0.5556012928178349,0.5440691789359273,0.5490115134567449,24940416.705322266,13.329999923706056,-0.011860626399317287,0.041186160284996214
2023-06-29,sh603216,0.5510708293266313,0.5539538479775624,0.5469521975868584,0.548599642427131,21747596.61502838,13.31999969482422,-0.0007502047216108032,0.041186160284996214
2023-06-30,sh603216,0.5687808908181984,0.5823723205699924,0.5613673693978803,0.5613673693978803,68690549.9425888,13.630000114440918,0.023273305309245318,0.041186160284996214
2023-07-03,sh603216,0.5564250348770629,0.5630148142381528,0.555189421788221,0.5613673693978803,36097077.02083588,13.630000114440918,0.0,0.041186160284996214
2023-07-04,sh603216,0.5580724797173353,0.5642503880488114,0.5580724797173353,0.5621910721789249,22432292.634391785,13.649999618530272,0.0014673150345878572,0.041186160284996214
2023-07-05,sh603216,0.5621910721789249,0.5683690197885843,0.5597199245576079,0.5605436273386525,21667472.61276245,13.609999656677246,-0.0029304002176472332,0.041186160284996214
2023-07-06,sh603216,0.5490115134567449,0.5498352555159728,0.5428336051252687,0.5469521975868584,18006048.50921631,13.279999732971191,-0.024246872302024824,0.041186160284996214
2023-07-07,sh603216,0.5473640686164724,0.5572487376581075,0.5457166237761998,0.5560131638474489,34116411.68482208,13.5,0.01656628550094008,0.041186160284996214
2023-07-10,sh603216,0.5560131638474489,0.5621910721789249,0.555189421788221,0.555189421788221,17874936.505508423,13.479999542236328,-0.0014815153899015998,0.041186160284996214
2023-07-11,sh603216,0.5572487376581075,0.55889618249838,0.5531301451965177,0.5560131638474489,9962084.281730652,13.5,0.0014837135343368502,0.041186160284996214
2023-07-12,sh603216,0.5539538479775624,0.5597199245576079,0.5510708293266313,0.5527182741669038,10831308.306312561,13.420000076293944,-0.005925920274522656,0.041186160284996214
2023-07-13,sh603216,0.5477759396460863,0.5547775900367903,0.5473640686164724,0.5494233844863589,26568924.911376953,13.34000015258789,-0.005961246143908028,0.041186160284996214
2023-07-14,sh603216,0.5490115134567449,0.5498352555159728,0.5453047527465859,0.5473640686164724,14424748.407936096,13.289999961853027,-0.0037481401921246604,0.041186160284996214
2023-07-17,sh603216,0.5457166237761998,0.5514827003562452,0.5415979920364268,0.5510708293266313,19530832.552337646,13.380000114440918,0.006772020530189771,0.041186160284996214
2023-07-18,sh603216,0.5535419769479485,0.5597199245576079,0.5490115134567449,0.5572487376581075,25150195.911254883,13.529999732971191,0.011210733725508737,0.041186160284996214
2023-07-19,sh603216,0.5564250348770629,0.5642503880488114,0.5543657190071763,0.5630148142381528,31301606.925218582,13.670000076293944,0.0103474017801779,0.041186160284996214
2023-07-20,sh603216,0.5630148142381528,0.566309703918698,0.5564250348770629,0.5580724797173353,26335278.464769363,13.550000190734863,-0.008778338324019419,0.041186160284996214
2023-07-21,sh603216,0.5580724797173353,0.5617792404274943,0.5560131638474489,0.5580724797173353,13065893.889507294,13.550000190734863,0.0,0.041186160284996214
2023-07-24,sh603216,0.5601317955872219,0.5654859618594701,0.5547775900367903,0.5572487376581075,11316908.320045471,13.529999732971191,-0.0014760485226670284,0.041186160284996214
2023-07-25,sh603216,0.5609554983682664,0.5745469281200605,0.5597199245576079,0.5712520384395154,51041417.44346619,13.869999885559082,0.0251293539762123,0.041186160284996214
2023-07-26,sh603216,0.5683690197885843,0.576606243989947,0.5675452777293565,0.5749587991496745,40713190.75138092,13.960000038146973,0.00648883585655935,0.041186160284996214
2023-07-27,sh603216,0.5749587991496745,0.5749587991496745,0.5646622590784254,0.566309703918698,27787878.065849304,13.75,-0.015042982634178248,0.041186160284996214
2023-07-28,sh603216,0.5667215749483119,0.5815485785107646,0.565897832889084,0.5757825019307191,39996445.131111145,13.979999542236328,0.016727239435369246,0.041186160284996214
2023-07-31,sh603216,0.5803130047001059,0.587726526120424,0.5770181150195609,0.5803130047001059,37318361.055374146,14.09000015258789,0.007868427321419347,0.041186160284996214
2023-08-01,sh603216,0.5799011336704921,0.5799011336704921,0.572899483279788,0.5745469281200605,25863056.731414795,13.949999809265137,-0.009936149170093556,0.041186160284996214
2023-08-02,sh603216,0.5720757804987434,0.5782536888302195,0.5700164646288569,0.5720757804987434,19365728.547668457,13.890000343322754,-0.004301037043924039,0.041186160284996214
2023-08-03,sh603216,0.5720757804987434,0.5741350570904465,0.5671334459779258,0.5696045935992431,13994992.39578247,13.829999923706056,-0.0043196845308604015,0.041186160284996214
2023-08-04,sh603216,0.572487612250174,0.5737232253390158,0.5650741301080393,0.5650741301080393,18969964.536476135,13.720000267028809,-0.007953699008247828,0.041186160284996214
2023-08-07,sh603216,0.562602943208539,0.566309703918698,0.5560131638474489,0.5568369059066768,22412868.63384247,13.520000457763672,-0.014577245289547514,0.041186160284996214
2023-08-08,sh603216,0.5580724797173353,0.5601317955872219,0.5543657190071763,0.5576606086877214,16364720.462799072,13.539999961853027,0.0014792532109619838,0.041186160284996214
2023-08-09,sh603216,0.5576606086877214,0.55889618249838,0.5531301451965177,0.5547775900367903,12198272.344970703,13.470000267028809,-0.005169844536294876,0.041186160284996214
2023-08-10,sh603216,0.5547775900367903,0.559308053527994,0.5527182741669038,0.5584843507469492,18712596.529197693,13.5600004196167,0.00668152567214042,0.041186160284996214
2023-08-11,sh603216,0.5584843507469492,0.5597199245576079,0.5502470872674035,0.5510708293266313,19389425.828338623,13.380000114440918,-0.013274358377996953,0.041186160284996214
2023-08-14,sh603216,0.5498352555159728,0.5547775900367903,0.5436573079063134,0.5539538479775624,17623007.21838379,13.449999809265137,0.005231666235089749,0.041186160284996214
2023-08-15,sh603216,0.5531301451965177,0.5572487376581075,0.5502470872674035,0.5560131638474489,10374844.293403625,13.5,0.003717486352707633,0.041186160284996214
2023-08-16,sh603216,0.5527182741669038,0.5601317955872219,0.5518945321076759,0.5523064031372898,14580723.132347107,13.40999984741211,-0.0066666779694734,0.041186160284996214
2023-08-17,sh603216,0.555189421788221,0.559308053527994,0.5436573079063134,0.5568369059066768,20205622.3314209,13.520000457763672,0.008202879314185063,0.041186160284996214
2023-08-18,sh603216,0.5568369059066768,0.5621910721789249,0.5539538479775624,0.5543657190071763,22467935.67539978,13.460000038146973,-0.004437900708963771,0.041186160284996214
2023-08-21,sh603216,0.5523064031372898,0.5650741301080393,0.5523064031372898,0.5564250348770629,21550928.609466553,13.510000228881836,0.0037147244125674828,0.041186160284996214
2023-08-22,sh603216,0.5601317955872219,0.5605436273386525,0.5399505471961544,0.5432454368766995,31794660.899162292,13.1899995803833,-0.02368620600127258,0.041186160284996214
2023-08-23,sh603216,0.5399505471961544,0.5461284948058137,0.5255354146633157,0.5255354146633157,44412977.25601196,12.760000228881836,-0.032600406761269185,0.041186160284996214
2023-08-24,sh603216,0.5255354146633157,0.5280065622846328,0.5082372242013626,0.5148270035624527,39270473.110580444,12.5,-0.020376193120540398,0.041186160284996214
2023-08-25,sh603216,0.5127676876925662,0.5214167829235428,0.507001650390704,0.5074134821421348,30561236.8642807,12.31999969482422,-0.014400024414062407,0.041186160284996214
2023-08-28,sh603216,0.5313014519651778,0.5420098630660408,0.5201812091128841,0.5255354146633157,62315690.08230591,12.760000228881836,0.035714329947789336,0.041186160284996214
2023-08-29,sh603216,0.5230642277638152,0.5457166237761998,0.5230642277638152,0.5448928817169719,37010247.846660614,13.229999542236328,0.036833801326324744,0.041186160284996214
2023-08-30,sh603216,0.5469521975868584,0.5597199245576079,0.5432454368766995,0.5572487376581075,40995154.399354935,13.529999732971191,0.022675752162887308,0.041186160284996214
2023-08-31,sh603216,0.5556012928178349,0.5799011336704921,0.5518945321076759,0.5547775900367903,58662909.65900421,13.470000267028809,-0.004434550415856275,0.041186160284996214
2023-09-01,sh603216,0.5757825019307191,0.6103788828546253,0.572899483279788,0.6103788828546253,91933139.03989601,14.81999969482422,0.10022267268248486,0.041186160284996214
2023-09-04,sh603216,0.6709225887496443,0.6713343812228917,0.6589785645599394,0.6713343812228917,207313547.58288765,16.299999237060547,0.0998650184016674,0.041186160284996214
2023-09-05,sh603216,0.6577429907492809,0.6577429907492809,0.604612845552763,0.604612845552763,508276611.73421097,14.68000030517578,-0.0993864421908347,0.041186160284996214
2023-09-06,sh603216,0.598023066191673,0.6466227086188039,0.598023066191673,0.6124381987245117,405246856.8204994,14.869999885559082,0.01294275043824844,0.041186160284996214
2023-09-07,sh603216,0.6054365483338077,0.6276770733165783,0.5642503880488114,0.5646622590784254,352310676.6834488,13.710000038146973,-0.07800940526829703,0.041186160284996214
2023-09-08,sh603216,0.5617792404274943,0.570428335658471,0.5304777491841333,0.5313014519651778,235810862.98880005,12.899999618530272,-0.0590809932431029,0.041186160284996214
2023-09-11,sh603216,0.5329488968054503,0.5420098630660408,0.520593080142498,0.5374793995748373,157674324.45907593,13.050000190734863,0.011627951677542825,0.041186160284996214
2023-09-12,sh603216,0.5354200837049508,0.5366556575156094,0.5263591174443603,0.5284184333142469,87815906.48345947,12.829999923706056,-0.01685825776347505,0.041186160284996214
2023-09-13,sh603216,0.5263591174443603,0.5337726388646783,0.5255354146633157,0.5321251940244056,73955401.01148033,12.920000076293944,0.00701482097607764,0.041186160284996214
2023-09-14,sh603216,0.5275947305332022,0.5337726388646783,0.5275947305332022,0.5325370650540197,61459965.738105774,12.93000030517578,0.0007740115187913066,0.041186160284996214
2023-09-15,sh603216,0.5345963416457229,0.5448928817169719,0.5321251940244056,0.5345963416457229,92125606.60533905,12.979999542236328,0.0038669169281098092,0.041186160284996214
2023-09-18,sh603216,0.5292421753734747,0.548599642427131,0.5284184333142469,0.5473640686164724,119926207.39154816,13.289999961853027,0.023882929934471164,0.041186160284996214
2023-09-19,sh603216,0.5420098630660408,0.5535419769479485,0.5407742892553823,0.5428336051252687,54385186.298028946,13.18000030517578,-0.008276874115348831,0.041186160284996214
2023-09-20,sh603216,0.5420098630660408,0.5543657190071763,0.5420098630660408,0.5457166237761998,61482886.05875397,13.25,0.005311054112550506,0.041186160284996214
2023-09-21,sh603216,0.5457166237761998,0.5502470872674035,0.5362438257641786,0.5387149733854959,52153441.47491455,13.079999923706056,-0.01283019443727873,0.041186160284996214
2023-09-22,sh603216,0.5440691789359273,0.5440691789359273,0.5362438257641786,0.5387149733854959,58429821.652412415,13.079999923706056,0.0,0.041186160284996214
2023-09-25,sh603216,0.5341845098942922,0.538303102355882,0.5308896202137472,0.5337726388646783,40514798.86577034,12.960000038146973,-0.009174303230812475,0.041186160284996214
2023-09-26,sh603216,0.5317133229947918,0.5391268444151097,0.5304777491841333,0.5308896202137472,27247016.77055359,12.890000343322754,-0.005401211004489093,0.041186160284996214
2023-09-27,sh603216,0.5296540071249053,0.5362438257641786,0.5288303043438607,0.5317133229947918,30277160.85624695,12.90999984741211,0.0015515518663051786,0.041186160284996214
2023-09-28,sh603216,0.5341845098942922,0.5411861602849962,0.5333607678350644,0.5395387154447238,34335393.01101494,13.100000381469728,0.01471731497314499,0.041186160284996214
2023-10-09,sh603216,0.5387149733854959,0.5411861602849962,0.5263591174443603,0.5325370650540197,44407927.01586914,12.93000030517578,-0.012977104682715734,0.041186160284996214
2023-10-10,sh603216,0.5333607678350644,0.5350082126753368,0.5259472856929296,0.5271828595035882,27225164.769935608,12.800000190734863,-0.010054146277852616,0.041186160284996214
2023-10-11,sh603216,0.5271828595035882,0.5321251940244056,0.5238879698230432,0.5288303043438607,34251796.96865082,12.84000015258789,0.003124996973201677,0.041186160284996214
2023-10-12,sh603216,0.5304777491841333,0.5333607678350644,0.5238879698230432,0.5263591174443603,35657609.00840759,12.779999732971191,-0.004672929821157856,0.041186160284996214
2023-10-13,sh603216,0.5242998015744739,0.5251235436337017,0.5131795587221801,0.5148270035624527,38078325.07686615,12.5,-0.021909212740342965,0.041186160284996214
2023-10-16,sh603216,0.5177100222133838,0.5189456353022257,0.5119439849115215,0.5148270035624527,17826376.50413513,12.5,0.0,0.041186160284996214
2023-10-17,sh603216,0.5148270035624527,0.5185337642726117,0.5115321138819076,0.5135914297517941,20601580.582618713,12.470000267028809,-0.002399978637695366,0.041186160284996214
2023-10-18,sh603216,0.5131795587221801,0.5148270035624527,0.5057660373018622,0.5078253531717487,29343424.869840622,12.329999923706056,-0.011226971958687049,0.041186160284996214
2023-10-19,sh603216,0.503294889680545,0.5148270035624527,0.5020592765917032,0.5078253531717487,27628212.781333923,12.329999923706056,0.0,0.041186160284996214
2023-10-20,sh603216,0.5053542055504315,0.5119439849115215,0.5012355738106585,0.5037067214319757,31112392.879867554,12.229999542236328,-0.008110331069626775,0.041186160284996214
2023-10-23,sh603216,0.5045304634912036,0.5045304634912036,0.47775947501722943,0.4864085702482059,41484809.173202515,11.8100004196167,-0.034341712047425754,0.041186160284996214
2023-10-24,sh603216,0.48599669921859195,0.5049423345208176,0.4851729571593641,0.5049423345208176,39221913.10920715,12.260000228881836,0.038103284782079694,0.041186160284996214
2023-10-25,sh603216,0.5061779083314761,0.5181218932429977,0.5053542055504315,0.5164744484027252,47254150.09636116,12.539999961853027,0.022838476977477873,0.041186160284996214
2023-10-26,sh603216,0.5148270035624527,0.5160625773731112,0.5057660373018622,0.5090609269824072,28107621.39489174,12.359999656677246,-0.014354091365498145,0.041186160284996214
2023-10-27,sh603216,0.5090609269824072,0.5197693380832702,0.5074134821421348,0.5181218932429977,27866156.78806305,12.579999923706056,0.017799374849493566,0.041186160284996214
2023-10-30,sh603216,0.5181218932429977,0.5255354146633157,0.5152388745920666,0.5234760987934292,40569938.74732971,12.710000038146973,0.010333872434763691,0.041186160284996214
2023-10-31,sh603216,0.5234760987934292,0.5292421753734747,0.5222405249827705,0.5263591174443603,32150338.629220963,12.779999732971191,0.0055074504023702175,0.041186160284996214
2023-11-01,sh603216,0.5263591174443603,0.5374793995748373,0.5247116726040878,0.5358319547345647,46202413.30661774,13.010000228881836,0.017996909289228258,0.041186160284996214
2023-11-02,sh603216,0.5358319547345647,0.5399505471961544,0.5304777491841333,0.5325370650540197,39604881.56003761,12.93000030517578,-0.006149110092131926,0.041186160284996214
2023-11-03,sh603216,0.5325370650540197,0.5436573079063134,0.5308896202137472,0.5428336051252687,50132204.25775337,13.18000030517578,0.01933487966739844,0.041186160284996214
2023-11-06,sh603216,0.5428336051252687,0.5457166237761998,0.5411861602849962,0.5424217340956548,32547340.920448303,13.170000076293944,-0.0007587426897029959,0.041186160284996214
2023-11-07,sh603216,0.5395387154447238,0.5461284948058137,0.5362438257641786,0.5440691789359273,37067378.68827629,13.210000038146973,0.003037202856591481,0.041186160284996214
2023-11-08,sh603216,0.5444810499655413,0.5473640686164724,0.538303102355882,0.5428336051252687,25294491.955335617,13.18000030517578,-0.002270986592321167,0.041186160284996214
2023-11-09,sh603216,0.5432454368766995,0.5473640686164724,0.5403624182257684,0.5428336051252687,24750352.859947205,13.18000030517578,0.0,0.041186160284996214
2023-11-10,sh603216,0.5415979920364268,0.5440691789359273,0.5378912706044512,0.5420098630660408,23302099.378990173,13.15999984741211,-0.0015174853794059917,0.041186160284996214
2023-11-13,sh603216,0.5436573079063134,0.5457166237761998,0.5403624182257684,0.5440691789359273,22106260.78517151,13.210000038146973,0.0037994066348485678,0.041186160284996214
2023-11-14,sh603216,0.5448928817169719,0.5469521975868584,0.5411861602849962,0.5461284948058137,27292347.531835556,13.260000228881836,0.0037850257827762857,0.041186160284996214
2023-11-15,sh603216,0.5469521975868584,0.5506589582970174,0.5465403658354278,0.5481878106757002,20020317.36618042,13.3100004196167,0.0037707533839974605,0.041186160284996214
2023-11-16,sh603216,0.548599642427131,0.5494233844863589,0.5444810499655413,0.5453047527465859,17593288.497543335,13.239999771118164,-0.005259252163160366,0.041186160284996214
2023-11-17,sh603216,0.5428336051252687,0.5506589582970174,0.5428336051252687,0.5498352555159728,20016432.566070557,13.350000381469728,0.008308203342383802,0.041186160284996214
2023-11-20,sh603216,0.5498352555159728,0.5543657190071763,0.5436573079063134,0.5539538479775624,26355940.7453537,13.449999809265137,0.007490593628312725,0.041186160284996214
2023-11-21,sh603216,0.5523064031372898,0.55889618249838,0.5518945321076759,0.5543657190071763,27965704.790878296,13.460000038146973,0.0007435114515723651,0.041186160284996214
2023-11-22,sh603216,0.5514827003562452,0.5584843507469492,0.5506589582970174,0.5510708293266313,26069436.73725128,13.380000114440918,-0.0059435307191179065,0.041186160284996214
2023-11-23,sh603216,0.5510708293266313,0.55889618249838,0.5490115134567449,0.5576606086877214,22927604.648399353,13.539999961853027,0.011958134980837754,0.041186160284996214
2023-11-24,sh603216,0.5609554983682664,0.5609554983682664,0.5523064031372898,0.5539538479775624,23697280.670166016,13.449999809265137,-0.00664698322315016,0.041186160284996214
2023-11-27,sh603216,0.5543657190071763,0.555189421788221,0.5440691789359273,0.5494233844863589,36150493.0223465,13.34000015258789,-0.008178413251833105,0.041186160284996214
2023-11-28,sh603216,0.5490115134567449,0.555189421788221,0.5461284948058137,0.5547775900367903,26252702.182434082,13.470000267028809,0.009745135903592717,0.041186160284996214
2023-11-29,sh603216,0.5543657190071763,0.5580724797173353,0.5461284948058137,0.5461284948058137,38442525.08716583,13.260000228881836,-0.01559020296836966,0.041186160284996214
2023-11-30,sh603216,0.5461284948058137,0.5502470872674035,0.5424217340956548,0.5465403658354278,25073956.709098816,13.270000457763672,0.0007541650610272121,0.041186160284996214
2023-12-01,sh603216,0.5490115134567449,0.5510708293266313,0.5420098630660408,0.5502470872674035,27220308.76979828,13.359999656677246,0.006782154921548544,0.041186160284996214
2023-12-04,sh603216,0.5502470872674035,0.5506589582970174,0.5428336051252687,0.5461284948058137,21929696.620178223,13.260000228881836,-0.007484987302782686,0.041186160284996214
2023-12-05,sh603216,0.5444810499655413,0.548599642427131,0.5399505471961544,0.5403624182257684,27695298.423231125,13.119999885559082,-0.01055809509096517,0.041186160284996214
2023-12-06,sh603216,0.5399505471961544,0.5477759396460863,0.5387149733854959,0.5448928817169719,27283436.771583557,13.229999542236328,0.008384120246702098,0.041186160284996214
2023-12-07,sh603216,0.5428336051252687,0.5461284948058137,0.5374793995748373,0.5415979920364268,41992261.187553406,13.149999618530272,-0.006046857632206248,0.041186160284996214
2023-12-08,sh603216,0.5403624182257684,0.5428336051252687,0.5193574670536563,0.5197693380832702,50730633.434677124,12.619999885559082,-0.04030416337232001,0.041186160284996214
2023-12-11,sh603216,0.5193574670536563,0.5308896202137472,0.5148270035624527,0.5242998015744739,44051205.245780945,12.729999542236328,0.008716296170740545,0.041186160284996214
2023-12-12,sh603216,0.5226523567342013,0.5263591174443603,0.5160625773731112,0.5247116726040878,26836684.75894928,12.739999771118164,0.00078556396240681,0.041186160284996214
2023-12-13,sh603216,0.5251235436337017,0.5292421753734747,0.5177100222133838,0.5234760987934292,29556530.43586731,12.710000038146973,-0.002354767151503512,0.041186160284996214
2023-12-14,sh603216,0.5251235436337017,0.5304777491841333,0.5234760987934292,0.5259472856929296,20596724.582481384,12.770000457763672,0.004720725368734691,0.041186160284996214
2023-12-15,sh603216,0.5259472856929296,0.5325370650540197,0.5234760987934292,0.5292421753734747,21155164.59827423,12.850000381469728,0.0062646766513949625,0.041186160284996214
2023-12-18,sh603216,0.5308896202137472,0.5308896202137472,0.5197693380832702,0.520593080142498,27744756.78462982,12.640000343322754,-0.016342414934851224,0.041186160284996214
2023-12-19,sh603216,0.5234760987934292,0.5263591174443603,0.5181218932429977,0.5242998015744739,22097811.344932556,12.729999542236328,0.0071201895940704585,0.041186160284996214
2023-12-20,sh603216,0.5259472856929296,0.5288303043438607,0.5218286539531566,0.5230642277638152,28465872.805023193,12.699999809265137,-0.002356616971717629,0.041186160284996214
2023-12-21,sh603216,0.5193574670536563,0.5407742892553823,0.5156507456216806,0.5358319547345647,37187054.81166077,13.010000228881836,0.024409482226176227,0.041186160284996214
2023-12-22,sh603216,0.5358319547345647,0.5457166237761998,0.5242998015744739,0.5296540071249053,37526489.22126007,12.859999656677246,-0.011529636400128052,0.041186160284996214
2023-12-25,sh603216,0.5296540071249053,0.5296540071249053,0.503294889680545,0.5119439849115215,55492427.16934204,12.43000030517578,-0.03343696446198574,0.041186160284996214
2023-12-26,sh603216,0.5111202428522937,0.5131795587221801,0.503294889680545,0.5045304634912036,33450556.945991516,12.25,-0.014481118323128928,0.041186160284996214
2023-12-27,sh603216,0.5057660373018622,0.5181218932429977,0.5028830186509311,0.5135914297517941,29566946.55616188,12.470000267028809,0.01795920547173946,0.041186160284996214
2023-12-28,sh603216,0.5111202428522937,0.5263591174443603,0.5074134821421348,0.5251235436337017,27815168.786621094,12.75,0.022453867439884645,0.041186160284996214
2023-12-29,sh603216,0.5255354146633157,0.5432454368766995,0.5230642277638152,0.5403624182257684,52609541.28781319,13.119999885559082,0.029019598867378926,0.041186160284996214
2024-01-02,sh603216,0.5395387154447238,0.5527182741669038,0.5395387154447238,0.5510708293266313,41904853.18508148,13.380000114440918,0.019817090788850855,0.041186160284996214
2024-01-03,sh603216,0.5510708293266313,0.5527182741669038,0.5403624182257684,0.5448928817169719,27141253.08756256,13.229999542236328,-0.01121080500161542,0.041186160284996214
2024-01-04,sh603216,0.5428336051252687,0.5477759396460863,0.5395387154447238,0.5477759396460863,25960176.734161377,13.300000190734863,0.005291054491352032,0.041186160284996214
2024-01-05,sh603216,0.5481878106757002,0.5518945321076759,0.5420098630660408,0.5448928817169719,28798945.854442596,13.229999542236328,-0.005263206578545732,0.041186160284996214
2024-01-08,sh603216,0.5465403658354278,0.5502470872674035,0.5358319547345647,0.5366556575156094,22179780.62725067,13.029999732971191,-0.015117144080515232,0.041186160284996214
2024-01-09,sh603216,0.5391268444151097,0.5461284948058137,0.5370675285452233,0.5432454368766995,27196028.769111633,13.1899995803833,0.012279343874984416,0.041186160284996214
2024-01-10,sh603216,0.5457166237761998,0.5473640686164724,0.5362438257641786,0.5415979920364268,23998352.67868042,13.149999618530272,-0.0030325976592537884,0.041186160284996214
2024-01-11,sh603216,0.5378912706044512,0.5461284948058137,0.5378912706044512,0.5420098630660408,20838504.829319,13.15999984741211,0.0007604737012878449,0.041186160284996214
2024-01-12,sh603216,0.5432454368766995,0.5514827003562452,0.5415979920364268,0.5428336051252687,27309125.012310028,13.18000030517578,0.0015197916410008006,0.041186160284996214
2024-01-15,sh603216,,,,,,,,0.041186160284996214
2024-01-16,sh603216,0.5461284948058137,0.5469521975868584,0.5366556575156094,0.5453047527465859,20613720.582962036,13.239999771118164,0.004552311422847399,0.041186160284996214
2024-01-17,sh603216,0.5436573079063134,0.548599642427131,0.5399505471961544,0.5403624182257684,24168312.68348694,13.119999885559082,-0.009063435621868399,0.041186160284996214
2024-01-18,sh603216,0.5415979920364268,0.5461284948058137,0.5222405249827705,0.5337726388646783,58747841.1014061,12.960000038146973,-0.012195110427418387,0.041186160284996214
2024-01-19,sh603216,0.5341845098942922,0.5428336051252687,0.5247116726040878,0.5284184333142469,39603546.15999985,12.829999923706056,-0.01003087299832317,0.041186160284996214
2024-01-22,sh603216,0.5288303043438607,0.5313014519651778,0.47611203017695686,0.48599669921859195,51981053.47003937,11.800000190734863,-0.08028057202619754,0.041186160284996214
2024-01-23,sh603216,0.4794069198575019,0.48599669921859195,0.4621087293955488,0.4736408432774564,58945747.387002945,11.5,-0.02542374456658214,0.041186160284996214
2024-01-24,sh603216,0.47446458533668434,0.49505766547918245,0.46416804526543526,0.4827018095380469,46440357.31334686,11.720000267028809,0.019130458002505124,0.041186160284996214
2024-01-25,sh603216,0.48434925437831944,0.5020592765917032,0.47858317779827403,0.5008237027810446,39880799.48784065,12.15999984741211,0.037542625457196,0.041186160284996214
2024-01-26,sh603216,0.5012355738106585,0.5177100222133838,0.49835255515972754,0.5094727980120212,46369945.31135559,12.369999885559082,0.017269740195898553,0.041186160284996214
2024-01-29,sh603216,0.5131795587221801,0.517298190461953,0.49505766547918245,0.49505766547918245,43021733.216667175,12.020000457763672,-0.0282942143115138,0.041186160284996214
2024-01-30,sh603216,0.4946457944495685,0.49505766547918245,0.4686985087566389,0.47116965637795605,39655966.681482315,11.4399995803833,-0.048252982969376745,0.041186160284996214
2024-01-31,sh603216,0.4695222115376835,0.4736408432774564,0.44110377822343677,0.4439867968743679,75925188.90718651,10.779999732971191,-0.05769229647034624,0.041186160284996214
2024-02-01,sh603216,0.4443986679039818,0.4443986679039818,0.4238055877614837,0.4291597933119151,53504307.87311745,10.420000076293944,-0.03339514523142062,0.041186160284996214
2024-02-02,sh603216,0.4246293298207116,0.4439867968743679,0.3966227282578955,0.4069192683291446,63039549.74277687,9.880000114440918,-0.05182341246633526,0.041186160284996214
2024-02-05,sh603216,0.39126852270746404,0.394975283417623,0.3661449790737623,0.3661449790737623,72458004.80913353,8.890000343322754,-0.1002024048229665,0.041186160284996214
2024-02-06,sh603216,0.34143326719149125,0.3591433286830583,0.3294892822799697,0.3439044540909917,99201065.8854351,8.350000381469727,-0.06074240056229241,0.041186160284996214
2024-02-07,sh603216,0.3439044540909917,0.3471993437715367,0.32207578049874336,0.32413507672953823,95727399.02719879,7.869999885559082,-0.057485086704410104,0.041186160284996214
2024-02-08,sh603216,0.32413507672953823,0.3513179362331264,0.3171334263388342,0.3500823624224678,96754977.216259,8.5,0.08005084162668474,0.041186160284996214
2024-02-19,sh603216,0.35461282591367144,0.377265221926056,0.35214167829235427,0.370263571535352,71807470.75073624,8.989999771118164,0.05764703189625453,0.041186160284996214
2024-02-20,sh603216,0.3686161266950795,0.3743822032751249,0.36202634733398936,0.37232288740523845,41649840.337869644,9.039999961853027,0.005561756619337999,0.041186160284996214
2024-02-21,sh603216,0.37108731359457986,0.3941515413583952,0.36696868185480697,0.3863261881866465,49468097.678972244,9.380000114440918,0.03761063650692731,0.041186160284996214
2024-02-22,sh603216,0.3863261881866465,0.39291596754773656,0.3834431695357154,0.39168039373707797,35493087.72375488,9.510000228881836,0.013859287084738714,0.041186160284996214
2024-02-23,sh603216,0.3925040965181226,0.4052718234888721,0.3925040965181226,0.4044480814296442,35349617.199697495,9.81999969482422,0.03259720909374075,0.041186160284996214
2024-02-26,sh603216,0.4036243786485995,0.4242174587910976,0.40115319174909914,0.4168039373707797,53152223.5831604,10.119999885559082,0.030549918539506837,0.041186160284996214
2024-02-27,sh603216,0.42009882705132473,0.4312191091818017,0.41103786079073423,0.4312191091818017,34810236.984443665,10.470000267028809,0.03458501832289218,0.041186160284996214
2024-02-28,sh603216,0.4394563333831642,0.4439867968743679,0.3879736330269189,0.3879736330269189,82333482.32841492,9.420000076293944,-0.10028654861083741,0.041186160284996214
2024-02-29,sh603216,0.38714989096769103,0.4147446215008933,0.38303129850610146,0.4143327897494625,86618999.5696106,10.0600004196167,0.06794058791287694,0.041186160284996214
2024-03-01,sh603216,0.4122734738795761,0.41268534490919,0.39744643103894006,0.401976933808327,65682015.05750656,9.760000228881836,-0.029821091274496614,0.041186160284996214
2024-03-04,sh603216,0.401976933808327,0.40568369451848607,0.38920920683757754,0.39538715444723704,35859133.01410675,9.600000381469728,-0.016393426604503047,0.041186160284996214
2024-03-05,sh603216,0.39538715444723704,0.39538715444723704,0.3842668723167601,0.38509061437598796,37464041.05949402,9.350000381469728,-0.02604166563186383,0.041186160284996214
2024-03-06,sh603216,0.38509061437598796,0.3933278385773505,0.3826194274764875,0.3925040965181226,36920169.04411316,9.529999732971191,0.019251266754832796,0.041186160284996214
2024-03-07,sh603216,0.3920922647666919,0.3986820441277819,0.387561761997305,0.3883855040565329,42224669.35412598,9.43000030517578,-0.010493119684929386,0.041186160284996214
2024-03-08,sh603216,0.3879736330269189,0.3990938758792127,0.387561761997305,0.3920922647666919,40917142.75714874,9.520000457763672,0.00954402435580981,0.041186160284996214
2024-03-11,sh603216,0.3937397096069644,0.3978583020685541,0.3904447806482361,0.39703459928750945,31650729.055091858,9.640000343322754,0.01260502938959629,0.041186160284996214
2024-03-12,sh603216,0.3995057469088266,0.4052718234888721,0.394975283417623,0.4052718234888721,45772657.29446411,9.84000015258789,0.0207468674421436,0.041186160284996214
2024-03-13,sh603216,0.40568369451848607,0.4065073972995306,0.3966227282578955,0.4040362496782135,41836869.183158875,9.8100004196167,-0.0030487533034541103,0.041186160284996214
2024-03-14,sh603216,0.4032125076189856,0.41062602903930356,0.39744643103894006,0.41021415800968963,56502062.43789482,9.960000038146973,0.01529048033783198,0.041186160284996214
2024-03-15,sh603216,0.4060955262699167,0.45098844726507187,0.4040362496782135,0.4188632532406661,129720492.5885334,10.170000076293944,0.02108434109866142,0.041186160284996214
2024-03-18,sh603216,0.4184513822110522,0.4221581429212112,0.40980228698007565,0.41762767943000756,117529455.68376732,10.140000343322754,-0.002949826228725194,0.041186160284996214
2024-03-19,sh603216,0.41762767943000756,0.4266886064124148,0.4122734738795761,0.4221581429212112,109733560.22329712,10.25,0.010848092007184285,0.041186160284996214
2024-03-20,sh603216,0.42051069808093866,0.42339371673186976,0.41639206634116577,0.42174627189159725,62105813.756370544,10.239999771118164,-0.000975632086032796,0.041186160284996214
2024-03-21,sh603216,0.4225700139508251,0.42504116157214233,0.4155683635601211,0.4196869560217108,63045449.782943726,10.1899995803833,-0.004882831235591301,0.041186160284996214
2024-03-22,sh603216,0.4184513822110522,0.42339371673186976,0.40815484213980313,0.41186160284996215,70057028.38123322,10.0,-0.01864569069748223,0.041186160284996214
2024-03-25,sh603216,0.41186160284996215,0.43986820441277813,0.40815484213980313,0.4188632532406661,124889015.25189781,10.170000076293944,0.017000007629394354,0.041186160284996214
2024-03-26,sh603216,0.42339371673186976,0.4443986679039818,0.42339371673186976,0.4431630940933232,202604611.40971756,10.760000228881836,0.05801378054688233,0.041186160284996214
2024-03-27,sh603216,0.4345139988623467,0.4666391928867525,0.43080723815218774,0.4571663948747313,287222161.9627266,11.100000381469728,0.03159852652003381,0.041186160284996214
2024-03-28,sh603216,0.44769355758452684,0.47775947501722943,0.4365733147322332,0.47775947501722943,307073296.28412247,11.600000381469728,0.04504504349699823,0.041186160284996214
2024-03-29,sh603216,0.45963754249604843,0.4616968583659349,0.4299834960929598,0.4312191091818017,205312171.40628815,10.470000267028809,-0.09741379976556064,0.041186160284996214
2024-04-01,sh603216,0.4271004774420287,0.44481053893359573,0.4242174587910976,0.43574957267300535,161271309.4407997,10.579999923706056,0.010506175154899378,0.041186160284996214
2024-04-02,sh603216,0.43245468299246026,0.4345139988623467,0.42051069808093866,0.4242174587910976,126872812.70800018,10.300000190734863,-0.02646500330721291,0.041186160284996214
2024-04-03,sh603216,0.4246293298207116,0.4666391928867525,0.4213344008619833,0.4666391928867525,110036914.55187607,11.329999923706056,0.09999997222307888,0.041186160284996214
2024-04-08,sh603216,0.5131795587221801,0.5131795587221801,0.4452224099632097,0.4534596341645723,366832350.854126,11.010000228881836,-0.02824357431412483,0.041186160284996214
2024-04-09,sh603216,0.4365733147322332,0.4431630940933232,0.42833605125268726,0.4415156492530507,190332843.50266838,10.720000267028809,-0.0263396871775069,0.041186160284996214
2024-04-10,sh603216,0.4365733147322332,0.4390444623535503,0.40733113935875853,0.41144973182034816,161913612.57896423,9.989999771118164,-0.06809705948943734,0.041186160284996214
2024-04-11,sh603216,0.40774297111018915,0.4143327897494625,0.4044480814296442,0.408566713169417,78655644.9444046,9.920000076293944,-0.0070069766194184036,0.041186160284996214
2024-04-12,sh603216,0.408566713169417,0.43492586989196064,0.4048599524592582,0.41927512427028,137155878.5988083,10.18000030517578,0.026209700290543703,0.041186160284996214
2024-04-15,sh603216,0.4188632532406661,0.4254530326017563,0.3780889639852838,0.38220755644687354,121858895.44620514,9.279999732971191,-0.08840869795917439,0.041186160284996214
2024-04-16,sh603216,0.3743822032751249,0.38138385366582894,0.35049423345208175,0.35049423345208175,86759726.4535904,8.510000228881836,-0.08297408687993824,0.041186160284996214
2024-04-17,sh603216,0.35584843900251323,0.3817957246954429,0.35584843900251323,0.3801482405769871,85811738.106781,9.229999542236328,0.08460626251347314,0.041186160284996214
2024-04-18,sh603216,0.3785007957367146,0.3842668723167601,0.370263571535352,0.37479407430473893,54690701.54666901,9.100000381469728,-0.014084416816244172,0.041186160284996214
2024-04-19,sh603216,0.3719110163756245,0.37973640882555637,0.3682042556654655,0.3727347584348524,43825182.71938896,9.050000190734863,-0.005494526224051555,0.041186160284996214
2024-04-22,sh603216,0.369851700505738,0.37479407430473893,0.3628500893932173,0.3690279977246934,36823898.84139061,8.960000038146973,-0.009944768032163154,0.041186160284996214
2024-04-23,sh603216,0.3661449790737623,0.38220755644687354,0.3661449790737623,0.37973640882555637,50444979.22659874,9.220000267028809,0.029017882564162045,0.041186160284996214
2024-04-24,sh603216,0.37973640882555637,0.3826194274764875,0.37767709295566987,0.38220755644687354,39158008.1473999,9.279999732971191,0.006507534078599164,0.041186160284996214
2024-04-25,sh603216,0.3826194274764875,0.3879736330269189,0.37932453779594244,0.38509061437598796,29970455.887573242,9.350000381469728,0.007543173546636028,0.041186160284996214
2024-04-26,sh603216,0.3863261881866465,0.3925040965181226,0.38138385366582894,0.39168039373707797,43025812.25678253,9.510000228881836,0.017112282447517613,0.041186160284996214
2024-04-29,sh603216,0.394975283417623,0.4196869560217108,0.3937397096069644,0.41598023458973515,80438646.79482841,10.100000381469728,0.06203997249085913,0.041186160284996214
2024-04-30,sh603216,0.4139209187198486,0.4184513822110522,0.41062602903930356,0.41639206634116577,51957137.66936302,10.109999656677246,0.0009900272108764874,0.041186160284996214
2024-05-06,sh603216,0.42339371673186976,0.4291597933119151,0.42009882705132473,0.4262767746609842,55724349.73590088,10.350000381469728,0.023738944900356218,0.041186160284996214
2024-05-07,sh603216,0.4262767746609842,0.4299834960929598,0.42174627189159725,0.4299834960929598,45656113.29116821,10.4399995803833,0.008695574453765564,0.041186160284996214
2024-05-08,sh603216,0.4299834960929598,0.43080723815218774,0.4229818849804391,0.42339371673186976,34790812.98389435,10.279999732971191,-0.015325656498372697,0.041186160284996214
2024-05-09,sh603216,0.42751234847164266,0.4341021278327328,0.4246293298207116,0.43163094093323234,36806902.84090996,10.479999542236328,0.01945523486967371,0.041186160284996214
2024-05-10,sh603216,0.4345139988623467,0.4365733147322332,0.4254530326017563,0.43080723815218774,33669076.952171326,10.460000038146973,-0.00190834971020315,0.041186160284996214
2024-05-13,sh603216,0.42751234847164266,0.4291597933119151,0.41598023458973515,0.41762767943000756,42681813.20705414,10.140000343322754,-0.030592704938546822,0.041186160284996214
2024-05-14,sh603216,0.4168039373707797,0.4271004774420287,0.41515649253050724,0.4262767746609842,31803693.059417725,10.350000381469728,0.020710062232420112,0.041186160284996214
2024-05-15,sh603216,0.42792421950125664,0.44233935203409536,0.4213344008619833,0.43574957267300535,59976481.97615242,10.579999923706056,0.0222221771748059,0.041186160284996214
2024-05-16,sh603216,0.4361614437026192,0.4588138397150038,0.43245468299246026,0.45634265281550346,165128284.6698761,11.079999923706056,0.04725897954684055,0.041186160284996214
2024-05-17,sh603216,0.45634265281550346,0.467874766697411,0.4394563333831642,0.4649917480464799,195160217.51918793,11.289999961853027,0.018953072165430962,0.041186160284996214
2024-05-20,sh603216,0.46128498733632095,0.46128498733632095,0.44069190719382284,0.4427512230637093,120494359.40761566,10.75,-0.047829934781009276,0.041186160284996214
2024-05-21,sh603216,0.43574957267300535,0.4435749651229372,0.4312191091818017,0.4332784250516881,81400644.702034,10.520000457763672,-0.021395306254542112,0.041186160284996214
2024-05-22,sh603216,0.4353377016433914,0.44645798377386825,0.4353377016433914,0.4365733147322332,63183360.18684387,10.600000381469728,0.007604555154464565,0.041186160284996214
2024-05-23,sh603216,0.4353377016433914,0.43574957267300535,0.4238055877614837,0.4254530326017563,60039585.69793701,10.329999923706056,-0.02547174038179001,0.041186160284996214
2024-05-24,sh603216,0.42874792228230124,0.42874792228230124,0.4184513822110522,0.4196869560217108,33669076.952171326,10.1899995803833,-0.013552792290101756,0.041186160284996214
2024-05-27,sh603216,0.4213344008619833,0.42504116157214233,0.408978584199031,0.41927512427028,36565681.034088135,10.18000030517578,-0.0009812831814802747,0.041186160284996214
2024-05-28,sh603216,0.4209225691105526,0.4209225691105526,0.41144973182034816,0.4130971766606207,32268145.192552567,10.029999732971191,-0.014734829833779495,0.041186160284996214
2024-05-29,sh603216,0.41515649253050724,0.4225700139508251,0.41021415800968963,0.41598023458973515,26312236.744117737,10.100000381469728,0.0069791276532567,0.041186160284996214
2024-05-30,sh603216,0.4122734738795761,0.4180395111814382,0.41103786079073423,0.41515649253050724,28983036.819648743,10.079999923706056,-0.0019802432681454984,0.041186160284996214
2024-05-31,sh603216,0.41639206634116577,0.4221581429212112,0.41268534490919,0.42174627189159725,32729610.88560295,10.239999771118164,0.01587300085546839,0.041186160284996214
2024-06-03,sh603216,0.4225700139508251,0.4225700139508251,0.40280063658937165,0.40815484213980313,45029689.27345276,9.90999984741211,-0.032226555769739096,0.041186160284996214
2024-06-04,sh603216,0.41062602903930356,0.41144973182034816,0.3962108572282816,0.3995057469088266,45544425.28800964,9.699999809265137,-0.0211907206236549,0.041186160284996214
2024-06-05,sh603216,0.3995057469088266,0.4007413207194852,0.38920920683757754,0.39003294889680545,34951862.22844887,9.470000267028809,-0.023711293480298767,0.041186160284996214
2024-06-06,sh603216,0.38220755644687354,0.3925040965181226,0.36490936598492046,0.3682042556654655,54753829.548454285,8.9399995803833,-0.05596628001065451,0.041186160284996214
2024-06-07,sh603216,0.37479407430473893,0.387561761997305,0.3731466294644663,0.38220755644687354,55584205.57193756,9.279999732971191,0.038031338763587774,0.041186160284996214
2024-06-11,sh603216,0.3855024461274186,0.3855024461274186,0.3727347584348524,0.37973640882555637,32953399.651931763,9.220000267028809,-0.006465459878108537,0.041186160284996214
2024-06-12,sh603216,0.37932453779594244,0.39003294889680545,0.37644151914501134,0.3883855040565329,30469288.501680374,9.43000030517578,0.022776576145875138,0.041186160284996214
2024-06-13,sh603216,0.3867380592162604,0.3908566516778501,0.384678743346374,0.3867380592162604,26244252.74219513,9.390000343322754,-0.00424177736569864,0.041186160284996214
2024-06-14,sh603216,0.38509061437598796,0.3945634123880091,0.37973640882555637,0.39126852270746404,35128304.99343872,9.5,0.011714552998442374,0.041186160284996214
2024-06-17,sh603216,0.387561761997305,0.3896210778671915,0.3789126667663285,0.37932453779594244,31639268.89476776,9.210000038146973,-0.03052631177400289,0.041186160284996214
2024-06-18,sh603216,0.37973640882555637,0.3838550012871461,0.3760296481153974,0.3834431695357154,22842624.645996094,9.3100004196167,0.010857804674867966,0.041186160284996214
2024-06-19,sh603216,0.3859143171570325,0.38714989096769103,0.38220755644687354,0.3834431695357154,21422244.60582733,9.3100004196167,0.0,0.041186160284996214
2024-06-20,sh603216,0.3834431695357154,0.3883855040565329,0.37767709295566987,0.38097198263621496,23986212.678337097,9.25,-0.006444727917549242,0.041186160284996214
2024-06-21,sh603216,0.3785007957367146,0.38509061437598796,0.3756177770857835,0.37932453779594244,15632654.162096024,9.210000038146973,-0.004324320200327247,0.041186160284996214
2024-06-24,sh603216,0.37685335089644195,0.37685335089644195,0.36037890249371685,0.3653212370145344,26909524.761009216,8.869999885559082,-0.03691641163731174,0.041186160284996214
2024-06-25,sh603216,0.369851700505738,0.37685335089644195,0.36326192114464795,0.3731466294644663,24214614.64479637,9.0600004196167,0.02142057908782502,0.041186160284996214
2024-06-26,sh603216,0.37067544256496593,0.3834431695357154,0.3686161266950795,0.38303129850610146,22981020.649909973,9.300000190734863,0.026490039735375337,0.041186160284996214
2024-06-27,sh603216,0.38220755644687354,0.38714989096769103,0.3801482405769871,0.380560111606601,19693508.55693817,9.239999771118164,-0.00645165789098312,0.041186160284996214
2024-06-28,sh603216,0.3780889639852838,0.38509061437598796,0.3756177770857835,0.3780889639852838,15422656.436157227,9.18000030517578,-0.006493448855910966,0.041186160284996214
2024-07-01,sh603216,0.3785007957367146,0.3826194274764875,0.37479407430473893,0.3817957246954429,20703508.02550125,9.270000457763672,0.009803937864484524,0.041186160284996214
2024-07-02,sh603216,0.38097198263621496,0.38714989096769103,0.3789126667663285,0.384678743346374,21708748.61392975,9.34000015258789,0.007551207267265436,0.041186160284996214
2024-07-03,sh603216,0.3867380592162604,0.38714989096769103,0.37932453779594244,0.380560111606601,16981141.12023163,9.239999771118164,-0.01070667878329945,0.041186160284996214
2024-07-04,sh603216,0.41021415800968963,0.41021415800968963,0.366556810825193,0.370263571535352,37166198.29107094,8.989999771118164,-0.02705627772648167,0.041186160284996214
2024-07-05,sh603216,,,,,,,,0.041186160284996214
2024-07-08,sh603216,0.3686161266950795,0.37108731359457986,0.36079077352333083,0.36202634733398936,21849572.617912292,8.789999961853027,-0.02224692039566767,0.041186160284996214
2024-07-09,sh603216,0.36037890249371685,0.366556810825193,0.35626027075394395,0.3653212370145344,20164540.570259094,8.869999885559082,0.009101242781938579,0.041186160284996214
2024-07-10,sh603216,0.3657331080441484,0.366556810825193,0.3583195866238304,0.36120264455294476,15315824.433135986,8.770000457763672,-0.011273892794318452,0.041186160284996214
2024-07-11,sh603216,0.3661449790737623,0.3735584612158971,0.3661449790737623,0.3731466294644663,22026816.622924805,9.0600004196167,0.0330672687247473,0.041186160284996214
2024-07-12,sh603216,0.37479407430473893,0.3801482405769871,0.3714991846241938,0.37520590605616955,21538788.60912323,9.109999656677246,0.005518679331657506,0.041186160284996214
2024-07-15,sh603216,0.37644151914501134,0.37644151914501134,0.3682042556654655,0.369851700505738,18044896.51031494,8.979999542236328,-0.014270046030751882,0.041186160284996214
2024-07-16,sh603216,0.3574958838427858,0.36120264455294476,0.35502469694328537,0.35873145765344433,17952632.50770569,8.710000038146973,-0.030066761453544144,0.041186160284996214
2024-07-17,sh603216,0.35873145765344433,0.36079077352333083,0.3542009941622407,0.3554365679728993,11938476.337623596,8.630000114440918,-0.009184836206163172,0.041186160284996214
2024-07-18,sh603216,0.35502469694328537,0.3574958838427858,0.34596373068269487,0.3537891231326268,13616224.3850708,8.59000015258789,-0.004634989724518479,0.041186160284996214
2024-07-19,sh603216,0.35337725210301285,0.3574958838427858,0.3509061044816957,0.35626027075394395,10780320.304870605,8.649999618530273,0.0069848038273092605,0.041186160284996214
2024-07-22,sh603216,0.3583195866238304,0.3583195866238304,0.35337725210301285,0.3570840128131718,12538192.35458374,8.670000076293945,0.0023121917509483225,0.041186160284996214
2024-07-23,sh603216,0.3583195866238304,0.36120264455294476,0.3513179362331264,0.3513179362331264,13193752.373123169,8.529999732971191,-0.01614767498163594,0.041186160284996214
2024-07-24,sh603216,0.3509061044816957,0.35502469694328537,0.3484349175821953,0.3492586203632399,14487876.409721375,8.479999542236328,-0.0058616872567529565,0.041186160284996214
2024-07-25,sh603216,0.34884678861180923,0.35790771559421647,0.3471993437715367,0.35626027075394395,14740388.416862488,8.649999618530273,0.02004717989042648,0.041186160284996214
2024-07-26,sh603216,0.35626027075394395,0.36120264455294476,0.35626027075394395,0.3599670314641029,13599228.384590149,8.739999771118164,0.010404642376525608,0.041186160284996214
2024-07-29,sh603216,0.3599670314641029,0.36161447630437543,0.35626027075394395,0.359555160434489,11080712.473365784,8.729999542236328,-0.0011441909775423698,0.041186160284996214
2024-07-30,sh603216,0.359555160434489,0.3644975342334898,0.35584843900251323,0.3636737921742619,14963084.5831604,8.829999923706055,0.011454798019852941,0.041186160284996214
2024-07-31,sh603216,0.36408566320387586,0.373970332245511,0.3636737921742619,0.3727347584348524,22320604.631233215,9.050000190734863,0.02491509274401804,0.041186160284996214
2024-08-01,sh603216,0.37067544256496593,0.37685335089644195,0.37067544256496593,0.37479407430473893,19703220.55721283,9.100000381469728,0.00552488283768815,0.041186160284996214
2024-08-02,sh603216,0.3743822032751249,0.3760296481153974,0.37067544256496593,0.37232288740523845,13028648.36845398,9.039999961853027,-0.006593452428736102,0.041186160284996214
2024-08-05,sh603216,0.3719110163756245,0.37685335089644195,0.3661449790737623,0.36696868185480697,19003956.53743744,8.90999984741211,-0.014380543693527925,0.041186160284996214
2024-08-06,sh603216,0.36943986875430734,0.3743822032751249,0.3677924239140348,0.373970332245511,15837844.447898865,9.079999923706056,0.01907969463583359,0.041186160284996214
2024-08-07,sh603216,0.37644151914501134,0.37644151914501134,0.37232288740523845,0.3727347584348524,12057448.34098816,9.050000190734863,-0.0033039353770113467,0.041186160284996214
2024-08-08,sh603216,0.37479407430473893,0.37644151914501134,0.3686161266950795,0.373970332245511,11741808.332061768,9.079999923706056,0.0033148875512627463,0.041186160284996214
2024-08-09,sh603216,0.373970332245511,0.3785007957367146,0.3731466294644663,0.37644151914501134,14968620.423316956,9.140000343322754,0.00660797578423411,0.041186160284996214
2024-08-12,sh603216,0.37644151914501134,0.3785007957367146,0.37108731359457986,0.37767709295566987,13082064.3699646,9.170000076293944,0.0032822463724637707,0.041186160284996214
2024-08-13,sh603216,0.37973640882555637,0.37973640882555637,0.37232288740523845,0.37767709295566987,10848304.306793213,9.170000076293944,0.0,0.041186160284996214
2024-08-14,sh603216,0.3780889639852838,0.3785007957367146,0.3727347584348524,0.3756177770857835,11299912.31956482,9.119999885559082,-0.005452583458981697,0.041186160284996214
2024-08-15,sh603216,0.3756177770857835,0.3780889639852838,0.3731466294644663,0.3760296481153974,12555188.355064392,9.130000114440918,0.0010965163385221466,0.041186160284996214
2024-08-16,sh603216,0.37644151914501134,0.3780889639852838,0.3719110163756245,0.3735584612158971,9753276.2758255,9.06999969482422,-0.0065717873893336165,0.041186160284996214
2024-08-19,sh603216,0.3743822032751249,0.37520590605616955,0.36943986875430734,0.37108731359457986,11212504.317092896,9.010000228881836,-0.006615156335299854,0.041186160284996214
2024-08-20,sh603216,0.37479407430473893,0.37479407430473893,0.3583195866238304,0.3583195866238304,17352916.490745544,8.699999809265137,-0.03440626101462052,0.041186160284996214
2024-08-21,sh603216,0.3583195866238304,0.3644975342334898,0.3570840128131718,0.36326192114464795,10372416.293334961,8.819999694824219,0.01379309059654088,0.041186160284996214
2024-08-22,sh603216,0.36202634733398936,0.3661449790737623,0.35502469694328537,0.3554365679728993,10537520.29800415,8.630000114440918,-0.02154190328314831,0.041186160284996214
2024-08-23,sh603216,0.3554365679728993,0.35790771559421647,0.35049423345208175,0.35461282591367144,9670724.273490906,8.609999656677246,-0.0023175501156951217,0.041186160284996214
2024-08-26,sh603216,0.3537891231326268,0.36161447630437543,0.3529653810733989,0.35873145765344433,10538370.098028183,8.710000038146973,0.011614446626855957,0.041186160284996214
2024-08-27,sh603216,0.3583195866238304,0.36161447630437543,0.35502469694328537,0.3554365679728993,11688392.330551147,8.630000114440918,-0.009184836206163172,0.041186160284996214
2024-08-28,sh603216,0.3554365679728993,0.36326192114464795,0.35214167829235427,0.36120264455294476,12924244.365501404,8.770000457763672,0.01622251928925067,0.041186160284996214
2024-08-29,sh603216,0.36120264455294476,0.3677924239140348,0.3583195866238304,0.3661449790737623,12931528.365707397,8.890000343322754,0.013682996498917133,0.041186160284996214
2024-08-30,sh603216,0.3677924239140348,0.3756177770857835,0.36490936598492046,0.370263571535352,17850656.504821777,8.989999771118164,0.011248529126381746,0.041186160284996214
2024-09-02,sh603216,0.37067544256496593,0.3789126667663285,0.3657331080441484,0.3731466294644663,26331660.744667053,9.0600004196167,0.007786501699746928,0.041186160284996214
2024-09-03,sh603216,0.37520590605616955,0.37767709295566987,0.36943986875430734,0.37479407430473893,19746924.55844879,9.100000381469728,0.004415006622562778,0.041186160284996214
2024-09-04,sh603216,0.37479407430473893,0.37767709295566987,0.3714991846241938,0.3735584612158971,14534008.411026001,9.06999969482422,-0.0032967786140534194,0.041186160284996214
2024-09-05,sh603216,0.3727347584348524,0.37685335089644195,0.3727347584348524,0.37685335089644195,14828500.539354324,9.149999618530272,0.0088202785444087,0.041186160284996214
2024-09-06,sh603216,0.37685335089644195,0.3780889639852838,0.3673805528844209,0.3686161266950795,26058365.05693817,8.949999809265137,-0.021857903563198167,0.041186160284996214
2024-09-09,sh603216,0.3690279977246934,0.373970332245511,0.3628500893932173,0.36943986875430734,20506208.73992157,8.970000267028809,0.0022346880659112056,0.041186160284996214
2024-09-10,sh603216,0.3677924239140348,0.37520590605616955,0.36696868185480697,0.3743822032751249,18234280.515670776,9.09000015258789,0.013377913264971397,0.041186160284996214
2024-09-11,sh603216,0.37479407430473893,0.3756177770857835,0.37108731359457986,0.3727347584348524,9898956.279945374,9.050000190734863,-0.004400435773550537,0.041186160284996214
2024-09-12,sh603216,0.3727347584348524,0.3780889639852838,0.37067544256496593,0.3731466294644663,21247428.600883484,9.0600004196167,0.0011049976432127018,0.041186160284996214
2024-09-13,sh603216,0.3735584612158971,0.37685335089644195,0.3628500893932173,0.3673805528844209,25654248.725509644,8.920000076293945,-0.01545257580999948,0.041186160284996214
2024-09-18,sh603216,0.36696868185480697,0.3677924239140348,0.3542009941622407,0.36243821836360335,29387808.71109581,8.800000190734863,-0.0134529018534425,0.041186160284996214
2024-09-19,sh603216,0.36243821836360335,0.37479407430473893,0.36243821836360335,0.3735584612158971,21796156.616401672,9.06999969482422,0.03068176116332677,0.041186160284996214
2024-09-20,sh603216,0.3735584612158971,0.3743822032751249,0.3644975342334898,0.366556810825193,20162112.57019043,8.899999618530273,-0.018743118193372932,0.041186160284996214
2024-09-23,sh603216,0.366556810825193,0.369851700505738,0.36243821836360335,0.3682042556654655,13879031.112503052,8.9399995803833,0.004494377928932147,0.041186160284996214
2024-09-24,sh603216,0.3677924239140348,0.3780889639852838,0.3677924239140348,0.37644151914501134,28611552.809143066,9.140000343322754,0.02237145104327598,0.041186160284996214
2024-09-25,sh603216,0.3780889639852838,0.3896210778671915,0.37644151914501134,0.3817957246954429,33066932.935142517,9.270000457763672,0.01422320673498545,0.041186160284996214
2024-09-26,sh603216,0.3817957246954429,0.39538715444723704,0.37973640882555637,0.3933278385773505,37752293.227645874,9.550000190734863,0.030204931946544944,0.041186160284996214
2024-09-27,sh603216,0.3966227282578955,0.41598023458973515,0.3925040965181226,0.4155683635601211,62322755.56250572,10.09000015258789,0.05654449749403345,0.041186160284996214
2024-09-30,sh603216,0.4221581429212112,0.4460461127442544,0.4155683635601211,0.4419274810044814,168132691.9548416,10.729999542236328,0.063429076310201,0.041186160284996214
2024-10-08,sh603216,0.4794069198575019,0.485584828188978,0.4332784250516881,0.44934100242479935,179490827.716053,10.90999984741211,0.016775425242773645,0.041186160284996214
2024-10-09,sh603216,0.44851729964375475,0.44851729964375475,0.4044480814296442,0.40774297111018915,84073144.37761307,9.899999618530272,-0.09257564097229698,0.041186160284996214
2024-10-10,sh603216,0.40815484213980313,0.4238055877614837,0.40815484213980313,0.41268534490919,53607813.51604462,10.020000457763672,0.012121297359324101,0.041186160284996214
2024-10-11,sh603216,0.41598023458973515,0.4180395111814382,0.4036243786485995,0.4065073972995306,42015472.86820984,9.869999885559082,-0.014970116302576275,0.041186160284996214
2024-10-14,sh603216,0.41103786079073423,0.41515649253050724,0.4044480814296442,0.4130971766606207,35898830.815229416,10.029999732971191,0.016210724343189487,0.041186160284996214
2024-10-15,sh603216,0.40980228698007565,0.4168039373707797,0.40733113935875853,0.40774297111018915,43612781.27338219,9.899999618530272,-0.01296112840497654,0.041186160284996214
2024-10-16,sh603216,0.40568369451848607,0.4130971766606207,0.4036243786485995,0.4122734738795761,33856032.957458496,10.010000228881836,0.011111173190923251,0.041186160284996214
