date,symbol,open,high,low,close,volume,adjclose,dividends,change,factor
2021-05-13,sh605488,0.8334465321811084,1.0,0.8334465321811084,1.0,7783030.762306213,19.712793350219727,0.0,,0.04928619861786792
2021-05-14,sh605488,1.099931970228678,1.099931970228678,1.099931970228678,1.099931970228678,7504149.685452602,21.68273162841797,0.0,0.09993200548656378,0.0492861970380183
2021-05-17,sh605488,1.2100611493886755,1.2100611493886755,1.1329027447308815,1.2100611493886755,168112433.70647866,23.85368537902832,0.0,0.10012356565808012,0.04928619982068995
2021-05-18,sh605488,1.2916382376796858,1.3310671578949609,1.2535689256781142,1.3310671578949609,526088244.4808008,26.239051818847656,0.0,0.09999996892521801,0.04928619727207429
2021-05-19,sh605488,1.2576477290942152,1.286199783117999,1.1978244986710924,1.1978244986710924,379249756.524578,23.61246681213379,0.0,-0.10010211597377316,0.0492861964402834
2021-05-20,sh605488,1.1393609352147684,1.162474463661917,1.1087695143297132,1.1145478729400096,280372442.69580466,21.97085189819336,0.0,-0.06952327600536357,0.04928619898280314
2021-05-21,sh605488,1.114547837201295,1.1658734939326318,1.0914343094952967,1.1220257293994176,221464133.4749551,22.118261337280277,0.0,0.006709350598086639,0.049286197402408576
2021-05-24,sh605488,1.1016315084664752,1.103670873782653,1.0608428860594643,1.072399602871009,177758104.5182978,21.139991760253903,0.0,-0.04422904186411725,0.04928619723832717
2021-05-25,sh605488,1.0605029958288823,1.085655983617887,1.0503058868904562,1.0598232387028346,141013004.8154589,20.89207649230957,0.0,-0.01172734439285883,0.04928619887999217
2021-05-26,sh605488,1.0567641211576704,1.0938137525694196,1.0472467691243088,1.07987755608731,145309051.95489523,21.287403106689453,0.0,0.01892229909526333,0.04928620002436629
2021-05-27,sh605488,1.0880353994788794,1.138681208055491,1.0791978045415227,1.0849762573098622,198640531.11000308,21.38791275024414,0.0,0.0047215497421941865,0.049286200279933634
2021-05-28,sh605488,1.0713799329629385,1.1182868398886232,1.0438476548132398,1.0978925284424144,177750189.43703258,21.642528533935547,0.0,0.011904708268408504,0.049286197824860406
2021-05-31,sh605488,1.090414618442976,1.0978925105835555,1.0601630303214975,1.0605029558746966,157892482.48034382,20.90547561645508,0.0,-0.034055751677352974,0.04928619702314693
2021-06-01,sh605488,1.0496260196864569,1.076138615327557,1.0438476611766931,1.0686607230197518,112868758.63006674,21.06628799438477,0.0,0.00769233428515026,0.04928619812531654
2021-06-02,sh605488,1.0611828334090987,1.1556763111822164,1.0577837658043765,1.11828684954816,234451416.62682262,22.044557571411133,0.0,0.046437679066081206,0.04928619825058466
2021-06-03,sh605488,1.1148877596165352,1.134602219720772,1.0914343064207892,1.1169271249337578,173350886.74643582,22.01775360107422,0.0,-0.001215879670952602,0.049286197263572196
2021-06-04,sh605488,1.1169271615651761,1.1291637298936725,1.0598232387028346,1.0598232387028346,152840271.13436013,20.89207649230957,0.0,-0.051125914766295466,0.04928619887999217
2021-06-07,sh605488,1.0401088131683764,1.0404486447399244,1.0044187896665357,1.0078177634237853,148015426.60578284,19.86690330505371,0.0,-0.04906998403406049,0.04928620054874054
2021-06-08,sh605488,1.0095172085452078,1.0299115193254036,1.0023792420748208,1.024812918128865,90921421.08962594,20.20192527770996,0.0,0.016863410655096445,0.04928619621533059
2021-06-09,sh605488,1.0173350409514184,1.0401087368912647,1.0064580813103747,1.014275898990061,67600772.77703556,19.99421119689941,0.0,-0.010281909749913165,0.04928619693430235
2021-06-10,sh605488,1.0197144847020851,1.025152917833696,1.0101971327157997,1.0132562748538223,56025114.78452348,19.97411155700684,0.0,-0.001005330652945946,0.04928619978058088
2021-06-11,sh605488,1.020054253663742,1.023793246716723,0.9999999622172595,1.004078786815635,60174860.20884715,19.793197631835938,0.0,-0.009057359566208789,0.04928619675570027
2021-06-15,sh605488,1.0095172978004465,1.014615899447772,0.9547926640084969,0.9547926640084969,78781016.89449748,18.821630477905277,0.0,-0.049085985485270545,0.04928620057290982
2021-06-16,sh605488,0.9547925749258805,1.0023792371764897,0.9367775550551948,0.975186791600457,88847514.26681574,19.223655700683597,0.0,0.021359840042911582,0.04928619597448351
2021-06-17,sh605488,0.9598912113326004,0.9864038067899077,0.958871434657267,0.9677089351410488,54743825.27627258,19.07624626159668,0.0,-0.007668163726048727,0.04928619778365095
2021-06-18,sh605488,0.9622705421162171,0.9823249288181909,0.9622705421162171,0.9721277256779539,49152156.35459742,19.163352966308597,0.0,0.004566197625577306,0.04928619982658015
2021-06-21,sh605488,0.9656695752482122,0.9959210700011253,0.9551325409187467,0.9813051169592483,67168743.58745088,19.34426498413086,0.0,0.009440556194643346,0.04928619806160106
2021-06-22,sh605488,0.9857240061502389,1.001359642579734,0.9816450872519561,0.9891230738968191,70519110.38616349,19.49837875366211,0.0,0.007966851216150816,0.04928620030751195
2021-06-23,sh605488,1.0023792792881734,1.0054384213184757,0.9622705073339979,0.9762066092504816,69776877.43035759,19.24375915527344,0.0,-0.01305845569220343,0.04928619804508176
2021-06-24,sh605488,0.9660095096118113,0.9762066184738418,0.9527531646846124,0.9554723811803586,54805809.3669177,18.83502960205078,0.0,-0.02123959918024143,0.04928619851074585
2021-06-25,sh605488,0.9554723391660165,0.958871406639216,0.9398367980000246,0.9442555481128003,48715607.576315194,18.613914489746094,0.0,-0.011739524624026942,0.04928619634351711
2021-06-28,sh605488,0.9415363932238355,0.9544527188571542,0.9391570082348257,0.9534330361509876,37274044.58692305,18.794828414916992,0.0,0.00971921826925537,0.04928619956216163
2021-06-29,sh605488,0.9544526470524358,0.9544526470524358,0.9255607618289413,0.9255607618289413,51867890.302536614,18.24538803100586,0.0,-0.029233521006805097,0.04928619585429678
2021-06-30,sh605488,0.9204622304784632,0.9306593395642436,0.9017674521495619,0.9072059792663525,62023995.059324674,17.883563995361328,0.0,-0.01983106039377125,0.04928619959220802
2021-07-01,sh605488,0.9072059768525388,0.9602310755658631,0.9072059768525388,0.9500339665072145,109760157.1870597,18.72782325744629,0.0,0.04720867228329273,0.04928619946107164
2021-07-02,sh605488,0.9435757442850073,0.9435757442850073,0.9112847896838862,0.9194425332270426,52832396.54783217,18.124780654907227,0.0,-0.032200344682811965,0.0492861988125512
2021-07-05,sh605488,0.9191025745464807,0.9466348522559437,0.9126443650577514,0.9354179670389904,42566562.7728244,18.439701080322266,0.0,0.017375166948974785,0.049286197036782636
2021-07-06,sh605488,0.931679077704158,0.9636301059223528,0.9255607937048024,0.955812288144736,67764529.74480934,18.84173011779785,0.0,0.021802351289728072,0.049286197551689316
2021-07-07,sh605488,0.9619306292102794,0.9802854822972413,0.9479945266065531,0.9513935943647237,80289106.52102365,18.75462532043457,0.0,-0.00462303140051834,0.0492862004755754
2021-07-08,sh605488,0.950033963357631,0.9561522475737299,0.9364377866558521,0.939836854332788,52240932.28307393,18.52680969238281,0.0,-0.012147146710964618,0.04928619929767642
2021-07-09,sh605488,0.939836813344949,0.9493540708169554,0.9350780436000046,0.9388170366827635,35458446.80903691,18.50670623779297,0.0,-0.0010850571585465651,0.04928619714822379
2021-07-12,sh605488,0.9354180237015728,0.9476546863196367,0.9289598138216398,0.9309992732589782,45048492.25536853,18.352596282958984,0.0,-0.00832730703443807,0.049286200022275004
2021-07-13,sh605488,0.9262405961573077,0.9374574820405778,0.9208021630053989,0.9242012307283249,36040128.90582582,18.21858787536621,0.0,-0.007301876213129721,0.049286199964530854
2021-07-14,sh605488,0.923861295717583,0.9653296770981703,0.9228415190075426,0.9500339665072145,76613799.42639825,18.72782325744629,0.0,0.027951429433979547,0.04928619946107164
2021-07-15,sh605488,0.9473147587275761,0.9864038494918156,0.9391570150015682,0.9704282876129601,128320645.75104903,19.129852294921875,0.0,0.021466929438578086,0.049286199917274794
2021-07-16,sh605488,0.9748469760422238,0.9755267331393426,0.9517334486269466,0.9663493072835396,76008745.7454427,19.0494441986084,0.0,-0.004203215135062055,0.049286196782488176
2021-07-19,sh605488,0.959211357788509,0.9731474595958063,0.9581916751217183,0.959211357788509,38691197.34486636,18.908735275268555,0.0,-0.007386528348214072,0.049286197658936444
2021-07-20,sh605488,0.9524132421270693,0.9789258380591808,0.9357579235306033,0.9605709856460184,68287757.85261394,18.93553733825684,0.0,0.0014174229833037177,0.04928619866629827
2021-07-21,sh605488,0.9619306165436831,0.9847042198139997,0.9558123322619273,0.9721277256779539,81946427.48296963,19.163352966308597,0.0,0.012031091214571132,0.04928619982658015
2021-07-22,sh605488,0.9789258370329671,0.9799455197195305,0.9469748081256933,0.9588714508241317,74331072.4498124,18.902034759521484,0.0,-0.013636326714068336,0.049286198614631266
2021-07-23,sh605488,0.9568321097900194,0.9738272603595448,0.9530931165009057,0.9687287527910735,53648506.216019765,19.096349716186523,0.0,0.01028008219124632,0.049286199868328245
2021-07-26,sh605488,0.9680489200608963,0.9748470556228019,0.9116247521197558,0.9136642115895213,72864187.97305869,18.010873794555664,0.0,-0.056842081360539365,0.049286200805913526
2021-07-27,sh605488,0.9099251452298815,0.9191025710986082,0.8772942663613117,0.882392867623702,52440828.57045864,17.394428253173828,0.0,-0.03422622094479866,0.04928619685189302
2021-07-28,sh605488,0.8820529876939995,0.8827327448272345,0.8412644575030571,0.8541807830941712,48157760.769563675,16.838289260864258,0.0,-0.03197229912588884,0.0492861994011169
2021-07-29,sh605488,0.8575798546821742,0.8718558826166766,0.8565601719746974,0.8609789223817174,33007048.87700352,16.972299575805664,0.0,0.007958661096909792,0.04928619962548088
2021-07-30,sh605488,0.8609789429036918,0.8718559033979102,0.8524812734522864,0.8691365927698799,25709711.428875487,17.13311004638672,0.0,0.0094748540988423,0.04928620080024846
2021-08-02,sh605488,0.8715159273840909,0.8905506306489278,0.8619985757516724,0.8837524954812113,31083773.22216068,17.42123031616211,0.0,0.01681663616008877,0.04928619794805942
2021-08-03,sh605488,0.893949693661025,0.893949693661025,0.8698163891438209,0.8718558484848983,30284969.621850424,17.18671417236328,0.0,-0.013461509413972506,0.04928619769600415
2021-08-04,sh605488,0.8701562939985519,0.878313943156848,0.8653976183198995,0.8687966858055026,32463105.552107897,17.12640953063965,0.0,-0.003508770416521756,0.04928619652336712
2021-08-05,sh605488,0.8643779662959036,0.8677769398959508,0.8504418643160326,0.852821155236662,35660673.00216798,16.811487197875977,0.0,-0.018388146547713147,0.049286198269257245
2021-08-06,sh605488,0.8531611052365443,0.86879674146729,0.847722672115919,0.8626784572036039,34278845.01004923,17.005802154541016,0.0,0.011558434257533445,0.04928619968101935
2021-08-09,sh605488,0.8531611291389225,0.8820530174151088,0.8531611291389225,0.8776342668793126,33067896.589458752,17.300622940063477,0.0,0.017336453649444694,0.04928620106183404
2021-08-10,sh605488,0.8759346549608947,0.8820529388510393,0.8735552701114163,0.8772942631580424,28955693.406398885,17.293920516967773,0.0,-0.0003873203154004523,0.04928619667193407
2021-08-11,sh605488,0.8772942516907437,0.8990481705726769,0.870836042334239,0.8929298867625056,49591613.81872776,17.602142333984375,0.0,0.017822566421275887,0.04928619602770378
2021-08-12,sh605488,0.8932698471136297,0.8932698471136297,0.8786538941054236,0.8837524954812113,34803861.35298431,17.42123031616211,0.0,-0.010277879429628545,0.04928619794805942
2021-08-13,sh605488,0.8806933296334937,0.9517334453894014,0.8755947283956272,0.9184227155770179,90350144.78394839,18.104677200317383,0.0,0.03923071800886424,0.04928619661482958
2021-08-16,sh605488,0.9187626489931875,0.9513935279841673,0.9116246824038322,0.9354179670389904,72939021.7978699,18.439701080322266,0.0,0.01850481609976007,0.049286197036782636
2021-08-17,sh605488,0.9279401073185162,0.943915668821878,0.9143439307653816,0.9177429984051562,46579124.74104648,18.091278076171875,0.0,-0.018895297420543633,0.0492861987588396
2021-08-18,sh605488,0.9245410094658126,0.9476546310585677,0.9184227255165424,0.9388170366827635,53915886.267475314,18.50670623779297,0.0,0.022962930791825542,0.04928619714822379
2021-08-19,sh605488,0.9381371754217578,0.9381371754217578,0.9177429584822115,0.9184227155770179,39086440.673337825,18.104677200317383,0.0,-0.021723414008636643,0.04928619661482958
2021-08-20,sh605488,0.9150237953969557,0.9177430119465121,0.8963290171083171,0.9038069096225794,30881524.967865914,17.816558837890625,0.0,-0.01591408657362181,0.049286199486060576
2021-08-23,sh605488,0.9038069356941371,0.933378675040004,0.9038069356941371,0.9221617889420611,39482186.98456169,18.17838478088379,0.0,0.020308378397015936,0.04928620090778902
2021-08-24,sh605488,0.9299795709681982,0.9309992536624209,0.9177430026136673,0.929639645401469,36080688.64362094,18.325794219970703,0.0,0.008109089771060285,0.04928619898485224
2021-08-25,sh605488,0.9347382578334827,0.958531543687787,0.9296396562907182,0.9534330361509876,74897335.01046798,18.794828414916992,0.0,0.025594196309573825,0.04928619956216163
2021-08-26,sh605488,0.9479945149264686,1.0214139263697273,0.9422161562123527,0.9687287527910735,120558331.05157483,19.096349716186523,0.0,0.01604277389430231,0.049286199868328245
2021-08-27,sh605488,0.9639700934004118,0.9809653382687621,0.9486743824194935,0.9598912684741564,64368970.49899589,18.922138214111328,0.0,-0.009122781616755504,0.04928620071761888
2021-08-30,sh605488,0.9619305990848533,0.9687287343882931,0.9238612858010967,0.9279401105795825,61721172.78092746,18.29229164123535,0.0,-0.03328619118220111,0.04928619893204643
2021-08-31,sh605488,0.9330386954229892,0.9459551146668657,0.9228414926496245,0.9316790871877328,29528084.077898666,18.365997314453125,0.0,0.004029347557515495,0.04928619805337424
2021-09-01,sh605488,0.9279400609458667,0.9347381958856873,0.8953092764514125,0.9048265337588185,46406096.87694291,17.836658477783203,0.0,-0.028821642056771957,0.04928619629582328
2021-09-02,sh605488,0.9048265779866685,0.917063146271701,0.8983684622853175,0.9160434635832696,22879447.5863531,18.057775497436523,0.0,0.012396724266831027,0.049286198704928695
2021-09-03,sh605488,0.9177430337006293,0.9235213925068975,0.9044867822028431,0.9085656071238617,28016624.971445933,17.91036605834961,0.0,-0.00816325064587553,0.04928620065433726
2021-09-06,sh605488,0.9136642116325865,0.9238613209699577,0.9021073999779954,0.9187627192982882,27172595.534614425,18.11137962341309,0.0,0.011223305422940477,0.04928620080823662
2021-09-07,sh605488,0.9191026273665786,0.9343983380842014,0.9177430190812306,0.9259006687933187,23235814.54928048,18.25208854675293,0.0,0.007769108373286038,0.049286199869221385
2021-09-08,sh605488,0.9259005933681208,0.9316790456175863,0.9180828698657042,0.9255607618289413,23722605.888603378,18.24538803100586,0.0,-0.00036702810389521723,0.04928619585429678
2021-09-09,sh605488,0.9432359378120364,0.9581917230339556,0.9333786601849733,0.9343983429027513,48096221.540020384,18.419601440429688,0.0,0.009548265767410413,0.04928620012338281
2021-09-10,sh605488,0.9262405602407461,0.9340583780979405,0.9109448500866616,0.9316790871877328,40338899.70264986,18.365997314453125,0.0,-0.002910125649700168,0.04928619805337424
2021-09-13,sh605488,0.9296395960748669,0.9558122652228896,0.9235213122222371,0.9493540558215673,42456167.32731117,18.71442031860352,0.0,0.018971125688399537,0.049286196369730625
2021-09-14,sh605488,0.949693988309989,0.9517334476110882,0.9194424943744752,0.9218217852207912,31686417.366693888,18.17168235778809,0.0,-0.029001063584236264,0.04928619672988122
2021-09-15,sh605488,0.9163834116139278,0.9242012297661321,0.9116247356079784,0.9225016959064384,18654633.581385355,18.18508529663086,0.0,0.0007375081748477452,0.04928619991321862
2021-09-16,sh605488,0.9238612805295064,0.937797382617267,0.9136641716384963,0.9143439287613829,25264131.42189756,18.02427291870117,0.0,-0.008843066372166142,0.04928619865081736
2021-09-17,sh605488,0.9095852308705025,0.9163833659706756,0.9007477304450466,0.9044867235513341,24580877.861865874,17.829959869384766,0.0,-0.010780607839698031,0.04928619745837011
2021-09-22,sh605488,0.8837524836146431,0.9044867203930006,0.8837524836146431,0.8993881190856745,12150541.794118626,17.72945213317871,0.0,-0.005637010685033417,0.049286197286270025
2021-09-23,sh605488,0.9007477860526469,0.910605063755244,0.8973487182927191,0.9034670026582021,15895057.68421543,17.809858322143555,0.0,0.0045351106554876175,0.049286200501050176
2021-09-24,sh605488,0.9034669351376794,0.9075458537471418,0.8847721578611967,0.8857918405105822,18324948.125771284,17.4614315032959,0.0,-0.019563631982174923,0.04928619681765054
2021-09-27,sh605488,0.8922501758167761,0.8983684599433425,0.8633581949915783,0.8664173370548615,20618287.25589104,17.079505920410156,0.0,-0.02187255909121777,0.04928619857644349
2021-09-28,sh605488,0.8769544138662951,0.878314022181673,0.8667573044979774,0.8742351972355394,8007413.68436639,17.233617782592773,0.0,0.009023155015270845,0.04928620095781004
2021-09-29,sh605488,0.8745750617916422,0.87627459556877,0.8616586426878552,0.8667572440192387,10047681.195346303,17.086206436157227,0.0,-0.008553639525391121,0.04928619751882285
2021-09-30,sh605488,0.8749787739566438,0.8914217370745612,0.8749787739566438,0.8816259724914348,11366810.614397049,17.379310607910156,0.0253642389039921,-0.011764665051451462,0.0507284778079842
2021-10-08,sh605488,0.887923298101891,0.891771609998896,0.8812760995671,0.8893226930423376,9844904.116586685,17.531034469604492,0.0,0.00873014270343253,0.0507284778079842
2021-10-11,sh605488,0.8893226930423376,0.9047161341441432,0.8893226930423376,0.8956200186527938,12668702.62562561,17.65517234802246,0.0,0.007081035556298687,0.0507284778079842
2021-10-12,sh605488,0.9033167392036966,0.9033167392036966,0.874628901032309,0.8795268317023185,12081202.245409012,17.33793067932129,0.0,-0.017968766458216212,0.0507284778079842
2021-10-13,sh605488,0.8795268317023185,0.8805763537184302,0.857486192065722,0.8781274367618719,18858638.014354706,17.310344696044922,0.0,-0.0015910770314284672,0.0507284778079842
2021-10-14,sh605488,0.8781274367618719,0.8907220879827843,0.8781274367618719,0.8889728201180028,12046290.888385773,17.524137496948242,0.0,0.012350580225717112,0.0507284778079842
2021-10-15,sh605488,0.8868736793288865,0.898418808533687,0.8805763537184302,0.8907220879827843,12658609.675430298,17.55862045288086,0.0,0.001967740548636021,0.0507284778079842
2021-10-18,sh605488,0.8868736793288865,0.9029668662793617,0.8868736793288865,0.8987686814580219,12565841.269924164,17.717241287231445,0.0,0.009033786838564595,0.0507284778079842
2021-10-19,sh605488,0.8956200186527938,0.9054157832359201,0.8858241573127746,0.898418808533687,10152758.810337067,17.710344314575195,0.0,-0.00038928028040241536,0.0507284778079842
2021-10-20,sh605488,0.8987686814580219,0.9043662612198083,0.8896725659666724,0.8963196677445707,10195634.135873795,17.668964385986328,0.0,-0.0023364835744504875,0.0507284778079842
2021-10-21,sh605488,0.8991184576254639,0.8991184576254639,0.8847746352966629,0.8854742843884398,11088525.110671997,17.455171585083008,0.0,-0.012099905587725557,0.0507284778079842
2021-10-22,sh605488,0.8816259724914348,0.885124411464105,0.857835968233164,0.8641332938436201,17565951.877620697,17.034481048583984,0.0,-0.02410119742727368,0.0507284778079842
2021-10-25,sh605488,0.8637835176761781,0.8854742843884398,0.8518885155470427,0.8854742843884398,18114558.916557312,17.455171585083008,0.0,0.02469641049229354,0.0507284778079842
2021-10-26,sh605488,0.8812760995671,0.9036666121280315,0.8809262266427651,0.8861740302371095,20969227.65998268,17.468965530395508,0.0,0.000790249768973128,0.0507284778079842
2021-10-27,sh605488,0.8865239031614444,0.8872235522532212,0.8602849819466152,0.8630838685844012,14299680.00904274,17.0137939453125,0.0,-0.02605601254928469,0.0507284778079842
2021-10-28,sh605488,0.86063485487095,0.867282053405741,0.8399936101748,0.8420927509639163,15219695.787490845,16.600000381469727,0.0,-0.024321063554245015,0.0507284778079842
2021-10-29,sh605488,0.8424425271313584,0.8641332938436201,0.8424425271313584,0.8602849819466152,13280883.423116684,16.958620071411133,0.0,0.021603595283149923,0.0507284778079842
2021-11-01,sh605488,0.857486192065722,0.8697309703622994,0.8518885155470427,0.8644832635248478,10164310.507240295,17.041379928588867,0.0,0.004880105623525921,0.0507284778079842
2021-11-02,sh605488,0.8648330396922899,0.871130365302746,0.8469905848770332,0.8504891206065961,13453094.385824203,16.76551628112793,0.0,-0.016187870267368676,0.0507284778079842
2021-11-03,sh605488,0.8599351090222803,0.8693811941948574,0.846640808709591,0.8616843768870618,8727287.297595978,16.9862060546875,0.0,0.013163315096236472,0.0507284778079842
2021-11-04,sh605488,0.8637835176761781,0.8690313212705225,0.8585357140818337,0.8686814483461877,12033753.551815033,17.12413787841797,0.0,0.00812022551041669,0.0507284778079842
2021-11-05,sh605488,0.8641332938436201,0.871130365302746,0.8641332938436201,0.8686814483461877,10961791.562223434,17.12413787841797,0.0,0.0,0.0507284778079842
2021-11-08,sh605488,0.870780589135304,0.8875734251775561,0.8641332938436201,0.8861740302371095,22024019.80656624,17.468965530395508,0.0,0.020136935034384074,0.0507284778079842
2021-11-09,sh605488,0.8816259724914348,0.8973692865175753,0.8767280418214253,0.8973692865175753,17419012.71598816,17.689655303955078,0.0,0.012633247983435236,0.0507284778079842
2021-11-10,sh605488,0.8973692865175753,0.9015674713389151,0.8826754945075466,0.8987686814580219,18831296.36997795,17.717241287231445,0.0,0.0015594415381401383,0.0507284778079842
2021-11-11,sh605488,0.8987686814580219,0.9054157832359201,0.895270145728459,0.9033167392036966,17691660.36081505,17.806896209716797,0.0,0.005060320680396524,0.0507284778079842
2021-11-12,sh605488,0.9026169933550269,0.9138123463923854,0.8921214829232309,0.9096140648141527,20203760.1814003,17.931034088134766,0.0,0.006971337225531116,0.0507284778079842
2021-11-15,sh605488,0.9106635868302645,0.928855914569856,0.9085644460411482,0.9201096720028415,27895199.32682228,18.13793182373047,0.0,0.011538527816006505,0.0507284778079842
2021-11-16,sh605488,0.9218588431107302,0.9260571246889628,0.9001680763984685,0.9033167392036966,21437189.661323547,17.806896209716797,0.0,-0.01825101214574898,0.0507284778079842
2021-11-17,sh605488,0.9036666121280315,0.9327042264668611,0.9036666121280315,0.9243078568241814,29488012.742313385,18.22068977355957,0.0,0.02323782645607686,0.0507284778079842
2021-11-18,sh605488,0.9236081109755117,0.9309550553589724,0.9134623767111577,0.9134623767111577,21681352.31975937,18.006895065307617,0.0,-0.011733623200269605,0.0507284778079842
2021-11-19,sh605488,0.9131126005437157,0.9411006928664336,0.9131126005437157,0.9397012979259868,45707028.87590027,18.52413749694824,0.0,0.02872468739139533,0.0507284778079842
2021-11-22,sh605488,0.9393514250016521,0.9498469354334481,0.9341037181642005,0.9383019029855404,27705424.265239716,18.496551513671875,0.0,-0.0014891912393172335,0.0507284778079842
2021-11-23,sh605488,0.9498469354334481,0.9543950899360156,0.9348033672559775,0.9508965542064525,37074284.135211945,18.74482727050781,0.0,0.013422813255347554,0.0507284778079842
2021-11-24,sh605488,0.9480977643255597,0.9638410783516999,0.9470481455525549,0.9638410783516999,37616464.80351639,19.0,0.0,0.01361296777024279,0.0507284778079842
2021-11-25,sh605488,0.9659402191408162,0.970138403962156,0.956844006892574,0.9596427967734672,30698811.93547058,18.917240142822266,0.0,-0.004355781956722815,0.0507284778079842
2021-11-26,sh605488,0.9543950899360156,0.9617419375625835,0.9414505657907685,0.9564941339682391,34724223.4759655,18.85517120361328,0.0,-0.00328107793422161,0.0507284778079842
2021-11-29,sh605488,0.9445992285959965,0.9557944848764621,0.9281561687211866,0.9418004387151033,39358504.064668655,18.56551742553711,0.0,-0.015362033839324885,0.0507284778079842
2021-11-30,sh605488,0.9519460762225644,0.9592929238491325,0.9393514250016521,0.94319983365555,25914832.394065857,18.59310340881348,0.0,0.0014858720413806203,0.0507284778079842
2021-12-01,sh605488,0.9459986235364432,0.9575437527412437,0.9445992285959965,0.9557944848764621,18591529.66445923,18.84137916564941,0.0,0.013353110095555287,0.0507284778079842
2021-12-02,sh605488,0.9557944848764621,0.9557944848764621,0.9348033672559775,0.9369025080450938,24006200.316310883,18.468965530395508,0.0,-0.01976573115904734,0.0507284778079842
2021-12-03,sh605488,0.9376021571368705,0.9512464271307876,0.9309550553589724,0.9428499607312151,21633686.785438538,18.586206436157227,0.0,0.006347995266370976,0.0507284778079842
2021-12-06,sh605488,0.9411006928664336,0.9428499607312151,0.9113633326789342,0.9141621225598277,26528393.087091446,18.02068901062012,0.0,-0.030426726802999404,0.0507284778079842
2021-12-07,sh605488,0.9225585889594001,0.9236081109755117,0.898418808533687,0.9033167392036966,20481789.418811798,17.806896209716797,0.0,-0.011863741767993985,0.0507284778079842
2021-12-08,sh605488,0.9033167392036966,0.9183604041380601,0.9033167392036966,0.9166111362732786,13151744.913879395,18.068965911865234,0.0,0.014717315081863136,0.0507284778079842
2021-12-09,sh605488,0.9131126005437157,0.9253573788402931,0.9131126005437157,0.9162612633489438,17900753.95988083,18.062068939208984,0.0,-0.0003817026768377918,0.0507284778079842
2021-12-10,sh605488,0.9166111362732786,0.9484475404930014,0.9106635868302645,0.9411006928664336,26726033.55322075,18.55172348022461,0.0,0.027109548892966906,0.0507284778079842
2021-12-13,sh605488,0.9445992285959965,0.9697885310378213,0.9386517759098753,0.9445992285959965,30462100.712921143,18.620689392089844,0.0,0.003717493522299886,0.0507284778079842
2021-12-14,sh605488,0.9480977643255597,0.9536953440873459,0.9351532401803123,0.9526458220712342,24588989.33891678,18.77931022644043,0.0,0.008518526409552196,0.0507284778079842
2021-12-15,sh605488,0.9466982726282203,0.954045217011681,0.9421502148825454,0.9428499607312151,16557879.05127716,18.586206436157227,0.0,-0.010282794626360725,0.0507284778079842
2021-12-16,sh605488,0.9445992285959965,0.9477478914012246,0.9358528892720893,0.9376021571368705,18720510.471349716,18.48275756835937,0.0,-0.005565894694713358,0.0507284778079842
2021-12-17,sh605488,0.9428499607312151,0.9445992285959965,0.9306051824346375,0.9390015520773175,17970478.109960556,18.510343551635746,0.0,0.0014925252995581229,0.0507284778079842
2021-12-20,sh605488,0.9386517759098753,0.9883306349448546,0.9383019029855404,0.9676894870055976,75405337.6976738,19.075862884521484,0.0,0.030551530894507017,0.0507284778079842
2021-12-21,sh605488,0.9603425426221371,0.9795843923778401,0.9585932747573555,0.9736369396917189,38784920.91655731,19.193103790283203,0.0,0.006146034204138173,0.0507284778079842
2021-12-22,sh605488,0.9753862075565004,0.9795843923778401,0.9564941339682391,0.9585932747573555,32956163.327590942,18.89655113220215,0.0,-0.015451000594869368,0.0507284778079842
2021-12-23,sh605488,0.9582434018330206,0.9582434018330206,0.9306051824346375,0.9344534943316426,39186746.49620819,18.42068862915039,0.0,-0.025182505512385656,0.0507284778079842
2021-12-24,sh605488,0.933054099391196,0.9411006928664336,0.9134623767111577,0.9166111362732786,26851387.206134796,18.068965911865234,0.0,-0.019093896236243912,0.0507284778079842
2021-12-27,sh605488,0.915211741332832,0.926406900856405,0.9117131088463762,0.9243078568241814,12706748.316791534,18.22068977355957,0.0,0.008396931093588744,0.0507284778079842
2021-12-28,sh605488,0.9208093210946184,0.9358528892720893,0.9204594481702838,0.9344534943316426,11568728.75668335,18.42068862915039,0.0,0.010976470050054976,0.0507284778079842
2021-12-29,sh605488,0.9362027621964241,0.9362027621964241,0.9201096720028415,0.929555563661633,13829175.057359695,18.32413673400879,0.0,-0.005241492165977468,0.0507284778079842
2021-12-30,sh605488,0.9274565196294094,0.9393514250016521,0.9274565196294094,0.933403972315531,8635543.957344055,18.399999618530277,0.0,0.004140052304930197,0.0507284778079842
2021-12-31,sh605488,0.9369025080450938,0.94319983365555,0.9327042264668611,0.9351532401803123,13104808.752912521,18.43448257446289,0.0,0.001874073730843362,0.0507284778079842
2022-01-04,sh605488,0.9365526351207587,0.9470481455525549,0.9327042264668611,0.9445992285959965,31195653.17906952,18.620689392089844,0.0,0.01010100592055152,0.0507284778079842
2022-01-05,sh605488,0.9445992285959965,0.9613920646382487,0.9327042264668611,0.9452988776877734,32430028.873073578,18.63448143005371,0.0,0.000740683530746411,0.0507284778079842
2022-01-06,sh605488,0.9456487506121083,0.9578935289086857,0.9411006928664336,0.953345471163011,24888150.690799713,18.793102264404297,0.0,0.008512221547242182,0.0507284778079842
2022-01-07,sh605488,0.9613920646382487,0.9617419375625835,0.9323544502994192,0.933054099391196,24087357.886533737,18.393102645874023,0.0,-0.021284384712145443,0.0507284778079842
2022-01-10,sh605488,0.9327042264668611,0.9673396140812628,0.9313048315264145,0.9669897411569279,48093755.33077812,19.062068939208984,0.0,0.036370497474770724,0.0507284778079842
2022-01-11,sh605488,0.9648906003678118,0.9704882768864909,0.9554446119521274,0.9620918104869184,23512828.524341583,18.965517044067383,0.0,-0.005065131988008065,0.0507284778079842
2022-01-12,sh605488,0.9659402191408162,0.9858817179882965,0.963491205427365,0.9718876718269374,45018559.568143845,19.158620834350582,0.0,0.010181836320861226,0.0507284778079842
2022-01-13,sh605488,0.9753862075565004,0.9753862075565004,0.9624415866543605,0.9638410783516999,25183468.047979355,19.0,0.0,-0.008279345142954253,0.0507284778079842
2022-01-14,sh605488,0.9683891360973745,0.9718876718269374,0.9466982726282203,0.9585932747573555,27634280.794038773,18.89655113220215,0.0,-0.005444677252518515,0.0507284778079842
2022-01-17,sh605488,0.9596427967734672,0.9697885310378213,0.9571938798169088,0.9659402191408162,22571582.06745529,19.041379928588867,0.0,0.007664297859089952,0.0507284778079842
2022-01-18,sh605488,0.9659402191408162,0.9687390090217094,0.9341037181642005,0.9459986235364432,29311701.51858902,18.64827537536621,0.0,-0.020644751309879972,0.0507284778079842
2022-01-19,sh605488,0.9498469354334481,0.9526458220712342,0.9407508199420987,0.9508965542064525,16185405.820924759,18.74482727050781,0.0,0.0051775240979732295,0.0507284778079842
2022-01-20,sh605488,0.9526458220712342,0.9578935289086857,0.9078647969493713,0.9148617716516043,45577614.387556076,18.034481048583984,0.0,-0.03789558642887303,0.0507284778079842
2022-01-21,sh605488,0.9148617716516043,0.9232583348080696,0.8991184576254639,0.915561517500274,16965500.192173004,18.048274993896484,0.0,0.0007648651089731118,0.0507284778079842
2022-01-24,sh605488,0.9096140648141527,0.922208716035065,0.908914318965483,0.9169610091976135,8461460.279268265,18.075862884521484,0.0,0.0015285610749131706,0.0507284778079842
2022-01-25,sh605488,0.9169610091976135,0.9232583348080696,0.8676319263300759,0.8700808432866343,31882545.463357925,17.151723861694336,0.0,-0.051125582702803984,0.0507284778079842
2022-01-26,sh605488,0.8718301111514157,0.8973692865175753,0.8609846310383921,0.8756784230484207,15475134.163722992,17.262067794799805,0.0,0.006433401913139791,0.0507284778079842
2022-01-27,sh605488,0.8756784230484207,0.877777563837537,0.8476903307257028,0.8511888664552657,18407806.43043518,16.77931022644043,0.0,-0.027966381206358415,0.0507284778079842
2022-01-28,sh605488,0.8588855870061686,0.8767280418214253,0.846640808709591,0.8679817024975179,14431519.17096901,17.11034393310547,0.0,0.019728683849196793,0.0507284778079842
2022-02-07,sh605488,0.8735793790161972,0.8987686814580219,0.8700808432866343,0.8938707507880124,20433749.341417313,17.620689392089844,0.0,0.02982672125000052,0.0507284778079842
2022-02-08,sh605488,0.8907220879827843,0.9113633326789342,0.8875734251775561,0.9082146698737061,20072137.860200882,17.9034481048584,0.0,0.016046972197097498,0.0507284778079842
2022-02-09,sh605488,0.9082146698737061,0.9110134597545994,0.9012175984145803,0.9061155290845898,11248395.864742279,17.86206817626953,0.0,-0.00231128262815683,0.0507284778079842
2022-02-10,sh605488,0.9099639377384876,0.9099639377384876,0.8991184576254639,0.9015674713389151,11239820.799634933,17.77241325378418,0.0,-0.005019291248952951,0.0507284778079842
2022-02-11,sh605488,0.8987686814580219,0.8991184576254639,0.8816259724914348,0.884424762372328,13035577.42266655,17.43448257446289,0.0,-0.019014338373509077,0.0507284778079842
2022-02-14,sh605488,0.8889728201180028,0.8931710049393426,0.8791769587779836,0.8840748894479932,7866193.05847168,17.42758560180664,0.0,-0.00039559376808528945,0.0507284778079842
2022-02-15,sh605488,0.8903722150584494,0.8949202728041241,0.8833752403562163,0.8900223421341146,11583454.213315964,17.54482650756836,0.0,0.006727317738698391,0.0507284778079842
2022-02-16,sh605488,0.8987686814580219,0.8991184576254639,0.8823256215832117,0.891071960907119,19127638.792411804,17.56551742553711,0.0,0.0011793173309422311,0.0507284778079842
2022-02-17,sh605488,0.891071960907119,0.9061155290845898,0.887923298101891,0.8903722150584494,14814854.150457382,17.55172348022461,0.0,-0.0007852854532167663,0.0507284778079842
2022-02-18,sh605488,0.8872235522532212,0.8980689356093522,0.8826754945075466,0.8970194135932404,11932626.921928406,17.682758331298828,0.0,0.00746564012484896,0.0507284778079842
2022-02-21,sh605488,0.8949202728041241,0.8991184576254639,0.8903722150584494,0.8970194135932404,11221527.32740593,17.682758331298828,0.0,0.0,0.0507284778079842
2022-02-22,sh605488,0.8938707507880124,0.8938707507880124,0.8749787739566438,0.877777563837537,22154183.38105774,17.303447723388672,0.0,-0.021450873263294534,0.0507284778079842
2022-02-23,sh605488,0.8795268317023185,0.898418808533687,0.8791769587779836,0.8970194135932404,20865144.11109352,17.682758331298828,0.0,0.0219211000012125,0.0507284778079842
2022-02-24,sh605488,0.8896725659666724,0.9036666121280315,0.8686814483461877,0.8770779147457601,24480095.868450165,17.289655685424805,0.0,-0.02223084422175381,0.0507284778079842
2022-02-25,sh605488,0.8868736793288865,0.9061155290845898,0.8847746352966629,0.8854742843884398,18164846.252393723,17.455171585083008,0.0,0.009573117167262835,0.0507284778079842
2022-02-28,sh605488,0.8921214829232309,0.8921214829232309,0.8714802382270809,0.8826754945075466,12073691.671142578,17.399999618530273,0.0,-0.0031607805333683237,0.0507284778079842
2022-03-01,sh605488,0.8868736793288865,0.8903722150584494,0.8784773096862067,0.884424762372328,8443580.775699615,17.43448257446289,0.0,0.0019817791200347212,0.0507284778079842
2022-03-02,sh605488,0.8833752403562163,0.8872235522532212,0.8763781688970904,0.8854742843884398,11788073.008291245,17.455171585083008,0.0,0.0011866719033246653,0.0507284778079842
2022-03-03,sh605488,0.8882730742693331,0.8903722150584494,0.8770779147457601,0.8805763537184302,10411272.382331848,17.358619689941406,0.0,-0.00553142056902578,0.0507284778079842
2022-03-04,sh605488,0.8833752403562163,0.8833752403562163,0.8571363191413871,0.8623841227357315,22082152.834156036,17.0,0.0,-0.02065945889402776,0.0507284778079842
2022-03-07,sh605488,0.8613345039627269,0.8651829126166247,0.847340457801368,0.8515386426227078,13113502.094779968,16.786205291748047,0.0,-0.012576159308938406,0.0507284778079842
2022-03-08,sh605488,0.8469905848770332,0.8529381343200472,0.8109558990790776,0.8127051669438591,25871069.99282837,16.020689010620117,0.0,-0.04560389127995779,0.0507284778079842
2022-03-09,sh605488,0.8148043077329754,0.8218013791921013,0.7591778992549817,0.7871659915776995,23169195.110660553,15.517240524291992,0.0,-0.031424896020039395,0.0507284778079842
2022-03-10,sh605488,0.7980114233122767,0.8106060745331891,0.7836674558481366,0.7868161186533646,17850308.921697617,15.510343551635742,0.0,-0.00044447159567151395,0.0507284778079842
2022-03-11,sh605488,0.7805187930429084,0.7962621554474953,0.7651253519411029,0.7931134926422673,12357260.203485489,15.634482383728027,0.0,0.008003615888907412,0.0507284778079842
2022-03-14,sh605488,0.7892651323668158,0.795562457977272,0.7714226775515591,0.77806987608635,9103860.788965225,15.337930679321287,0.0,-0.01896779804590032,0.0507284778079842
2022-03-15,sh605488,0.78016896849702,0.78016896849702,0.7364375137697153,0.7374871325427199,20308612.529230118,14.537931442260742,0.0,-0.05215822484705257,0.0507284778079842
2022-03-16,sh605488,0.7427348877586177,0.7591778992549817,0.7241927354731378,0.7567289339199769,16787119.125146866,14.917241096496582,0.0,0.026091033359341154,0.0507284778079842
2022-03-17,sh605488,0.7658250494113261,0.7864662941074761,0.7616268645899864,0.771772550475894,15911614.834083557,15.21379280090332,0.0,0.01987979563301323,0.0507284778079842
2022-03-18,sh605488,0.7745713403567872,0.7836674558481366,0.7665247468815495,0.7770203056917919,10280004.891412735,15.317240715026855,0.0,0.006799613710881669,0.0507284778079842
2022-03-21,sh605488,0.7829677583779132,0.7952126334313836,0.7787695735565734,0.7952126334313836,14855837.047832489,15.675862312316896,0.0,0.023412937353541663,0.0507284778079842
2022-03-22,sh605488,0.7927636680963788,0.7959123309016068,0.7812185388915781,0.7878657374263692,9295823.970609665,15.531034469604492,0.0,-0.009238907552703512,0.0507284778079842
2022-03-23,sh605488,0.7857665966372528,0.7969618529177186,0.7840173287724714,0.7924137951720439,9779832.18573761,15.620689392089844,0.0,0.00577263044910592,0.0507284778079842
2022-03-24,sh605488,0.7903147027613739,0.7980114233122767,0.7815683634374667,0.7927636680963788,12774718.028263092,15.627586364746094,0.0,0.00044152805827790687,0.0507284778079842
2022-03-25,sh605488,0.8011600861175048,0.8088568066684076,0.793463365566602,0.8004603886472815,13038258.36256218,15.77931022644043,0.0,0.009708720089789846,0.0507284778079842
2022-03-28,sh605488,0.8053583193172911,0.8053583193172911,0.7735217699622289,0.7889153078209273,11459145.338449478,15.551724433898926,0.0,-0.014423050771899537,0.0507284778079842
2022-03-29,sh605488,0.7910144002315973,0.7976615503879421,0.7749212132811221,0.7812185388915781,9020968.492927551,15.399999618530272,0.0,-0.009756140935594959,0.0507284778079842
2022-03-30,sh605488,0.7815683634374667,0.7920639706261554,0.77806987608635,0.7885654348965925,9829882.968053818,15.544827461242676,0.0,0.009404405603889554,0.0507284778079842
2022-03-31,sh605488,0.8511888664552657,0.867282053405741,0.8511888664552657,0.867282053405741,53293536.82231903,17.0965518951416,0.0,0.09982255755284397,0.0507284778079842
2022-04-01,sh605488,0.8980689356093522,0.8980689356093522,0.8291482268186692,0.8378944693856837,124186951.23961449,16.517240524291992,0.0,-0.033884690574023546,0.0507284778079842
2022-04-06,sh605488,0.8361452015209022,0.9218588431107302,0.8361452015209022,0.8651829126166247,91232936.60649872,17.055171966552734,0.0,0.03256787606075018,0.0507284778079842
2022-04-07,sh605488,0.8480402036500376,0.9145119954841623,0.8298478759104461,0.912412854695046,135819766.2874794,17.9862060546875,0.0,0.05458954562056806,0.0507284778079842
2022-04-08,sh605488,0.885124411464105,0.8921214829232309,0.8571363191413871,0.8791769587779836,84225215.98563576,17.33103370666504,0.0,-0.036426378416348215,0.0507284778079842
2022-04-11,sh605488,0.8739292519405321,0.8739292519405321,0.8221511553595433,0.8361452015209022,44197364.02276039,16.482757568359375,0.0,-0.04894550161652733,0.0507284778079842
2022-04-12,sh605488,0.8291482268186692,0.8291482268186692,0.793463365566602,0.8137547857168635,43419714.03788757,16.041379928588867,0.0,-0.026778143034620894,0.0507284778079842
2022-04-13,sh605488,0.8141045618843057,0.8141045618843057,0.7745713403567872,0.7745713403567872,28481162.109157562,15.268964767456056,0.0,-0.048151416185599816,0.0507284778079842
2022-04-14,sh605488,0.7770203056917919,0.7864662941074761,0.7742214674324523,0.77806987608635,17303850.577236176,15.337930679321287,0.0,0.004516737900412515,0.0507284778079842
2022-04-15,sh605488,0.7777200031620154,0.7868161186533646,0.7598775967252049,0.7836674558481366,22353065.753168106,15.448274612426758,0.0,0.007194186452689877,0.0507284778079842
2022-04-18,sh605488,0.7784197006322386,0.80081021319317,0.7647755273952145,0.7903147027613739,15029112.50138092,15.579310417175291,0.0,0.008482229118527362,0.0507284778079842
2022-04-19,sh605488,0.7903147027613739,0.8088568066684076,0.7871659915776995,0.8060580167875145,19292694.011133194,15.889655113220217,0.0,0.019920310189261548,0.0507284778079842
2022-04-20,sh605488,0.8050084463929562,0.8158538297490872,0.7829677583779132,0.7924137951720439,20377213.050088882,15.620689392089844,0.0,-0.016927096227947303,0.0507284778079842
2022-04-21,sh605488,0.7987111207825001,0.8039588759983981,0.7668746198058844,0.7672244443517728,16884303.19636345,15.124136924743652,0.0,-0.03178812758402583,0.0507284778079842
2022-04-22,sh605488,0.7689737122165543,0.7850668991670295,0.7560292364497535,0.78016896849702,16980738.181432724,15.37930965423584,0.0,0.01687188702151432,0.0507284778079842
2022-04-25,sh605488,0.7696734096867776,0.7700232826111125,0.7028517933067645,0.7060004561119926,25389269.61055565,13.917241096496582,0.0,-0.09506724232817354,0.0507284778079842
2022-04-26,sh605488,0.7067001535822159,0.7171957123924584,0.6668170591303626,0.6668170591303626,18147696.12217903,13.144826889038086,0.0,-0.05550052644075687,0.0507284778079842
2022-04-27,sh605488,0.6577209436390132,0.6976040380908666,0.6388289668076447,0.6909568395560755,18472760.084524155,13.620689392089844,0.0,0.036201503988507966,0.0507284778079842
2022-04-28,sh605488,0.6818606756862797,0.6909568395560755,0.6720648143462605,0.6850093384915078,15415108.707971573,13.503447532653809,0.0,-0.008607630352698847,0.0507284778079842
2022-04-29,sh605488,0.6570212461687899,0.6951550727558617,0.6265841401326208,0.6832600706267263,46678987.8648262,13.468964576721191,0.0,-0.002553640901646115,0.0507284778079842
2022-05-05,sh605488,0.6654176641899161,0.687458352204959,0.6605197335199063,0.6776624424864934,26864989.033546448,13.358619689941406,0.0,-0.008192529288442718,0.0507284778079842
2022-05-06,sh605488,0.6647179667196926,0.6822105002321681,0.6531728858933384,0.6685663269951441,17877177.459033966,13.179309844970703,0.0,-0.013422782378161191,0.0507284778079842
2022-05-09,sh605488,0.6685663269951441,0.67906183742694,0.6685663269951441,0.6734642576651536,11834457.211044312,13.275861740112305,0.0,0.007326020579024872,0.0507284778079842
2022-05-10,sh605488,0.6710152923301489,0.6850093384915078,0.6577209436390132,0.682560373156503,15576359.35757637,13.455171585083008,0.0,0.013506456189501304,0.0507284778079842
2022-05-11,sh605488,0.707749723976774,0.7507814812338555,0.707749723976774,0.7507814812338555,24186138.69401169,14.800000190734863,0.0,0.09994882615564649,0.0507284778079842
2022-05-12,sh605488,0.7588280263306467,0.7588280263306467,0.7136971766628954,0.7283909202944777,53834219.31832886,14.358619689941406,0.0,-0.02982300642602498,0.0507284778079842
2022-05-13,sh605488,0.7224434676083563,0.737137259618385,0.7140470495872303,0.7241927354731378,29458936.37212181,14.275861740112305,0.0,-0.005763642440301919,0.0507284778079842
2022-05-16,sh605488,0.723842862548803,0.7343384213590453,0.7136971766628954,0.7168458394681235,17299494.049905777,14.131033897399902,0.0,-0.010144945737703859,0.0507284778079842
2022-05-17,sh605488,0.7206941997435748,0.7273413982783659,0.7007527008960946,0.7101986893117789,16264513.26063919,14.0,0.0,-0.009272774968292485,0.0507284778079842
2022-05-18,sh605488,0.7101986893117789,0.7203443751976865,0.7067001535822159,0.7122977817224488,12442872.865005493,14.04137897491455,0.0,0.0029556410653250875,0.0507284778079842
2022-05-19,sh605488,0.6997031305015363,0.7164959665437887,0.6923562344965222,0.7129974791926721,10985959.446870804,14.055171966552734,0.0,0.0009823103316863868,0.0507284778079842
2022-05-20,sh605488,0.7129974791926721,0.723842862548803,0.7129974791926721,0.7234929896244681,15114981.429214478,14.262067794799805,0.0,0.014720263027689917,0.0507284778079842
2022-05-23,sh605488,0.723842862548803,0.7304900610835939,0.7206941997435748,0.7283909202944777,12708818.160093307,14.358619689941406,0.0,0.00676983846457424,0.0507284778079842
2022-05-24,sh605488,0.7276912228242545,0.7304900610835939,0.6920064099506336,0.6941055023613036,19796966.977825165,13.682758331298828,0.0,-0.04707007868702284,0.0507284778079842
2022-05-25,sh605488,0.6941055023613036,0.7133473037385606,0.6941055023613036,0.7133473037385606,11244768.710765839,14.062067985534668,0.0,0.027721724308188866,0.0507284778079842
2022-05-26,sh605488,0.7133473037385606,0.7175455369383468,0.7004028279717598,0.7101986893117789,8720841.214170456,14.0,0.0,-0.004413859014087862,0.0507284778079842
2022-05-27,sh605488,0.7164959665437887,0.7255921304135844,0.711947908798114,0.7213938972137982,12994811.366018295,14.220688819885254,0.0,0.015763487134661025,0.0507284778079842
2022-05-30,sh605488,0.7234929896244681,0.7315395830997058,0.7171957123924584,0.7304900610835939,15850978.281738281,14.399999618530272,0.0,0.012609150014891046,0.0507284778079842
2022-05-31,sh605488,0.7318894560240407,0.7378369570886083,0.7206941997435748,0.734688245904934,16630954.376226425,14.482757568359377,0.0,0.005747080001488936,0.0507284778079842
2022-06-01,sh605488,0.7409856198938364,0.7539300956606372,0.7318894560240407,0.7479826429745159,23293208.293626785,14.744827270507812,0.0,0.018095290272688302,0.0507284778079842
2022-06-02,sh605488,0.7420351902883946,0.7556793635254186,0.7420351902883946,0.7549796660551954,15892453.998947144,14.882758140563965,0.0,0.009354525999232033,0.0507284778079842
2022-06-06,sh605488,0.7567289339199769,0.7773701302376803,0.7556793635254186,0.7696734096867776,20716430.798059464,15.172412872314451,0.0,0.01946243626448596,0.0507284778079842
2022-06-07,sh605488,0.7693235851408892,0.7794692710267968,0.7612769916656515,0.7696734096867776,25098722.74936676,15.172412872314451,0.0,0.0,0.0507284778079842
2022-06-08,sh605488,0.7599125743419491,0.7599125743419491,0.726431786729231,0.7335337910385894,16720470.170829773,14.460000038146973,0.0,-0.046954485101538435,0.0507284778079842
2022-06-09,sh605488,0.743679476924497,0.743679476924497,0.7132424192667743,0.7173006936211374,17937912.575345993,14.140000343322754,0.0,-0.0221299926680516,0.0507284778079842
2022-06-10,sh605488,0.714256963666142,0.7345483354379571,0.714256963666142,0.7254172423298634,20220831.46044159,14.300000190734863,0.0,0.011315406190047561,0.0507284778079842
2022-06-13,sh605488,0.727953675895952,0.7396212025701341,0.7178079416315979,0.7254172423298634,13711962.788099289,14.300000190734863,0.0,0.0,0.0507284778079842
2022-06-14,sh605488,0.7208516715865934,0.7335337910385894,0.7005602998147783,0.7320119502503148,15905760.134458542,14.43000030517578,0.0,0.009090916972514851,0.0507284778079842
2022-06-15,sh605488,0.7299828130731334,0.740128498959041,0.7208516715865934,0.7223735123748679,14003160.171468735,14.239999771118164,0.0,-0.013167049898776928,0.0507284778079842
2022-06-16,sh605488,0.7244026495520495,0.7340410874274964,0.7238954015415888,0.7315046538614078,12538913.594207764,14.420000076293944,0.0,0.012640471072258075,0.0507284778079842
2022-06-17,sh605488,0.726939083118138,0.735562928215771,0.7193298307983188,0.7254172423298634,10075642.362751007,14.300000190734863,0.0,-0.008321767331773922,0.0507284778079842
2022-06-20,sh605488,0.7304900610835939,0.7517960256332231,0.7208516715865934,0.7512887776227625,17884707.74609375,14.8100004196167,0.0,0.03566435119436373,0.0507284778079842
2022-06-21,sh605488,0.7543324591993116,0.7543324591993116,0.735562928215771,0.740635795347948,10784534.124418259,14.600000381469728,0.0,-0.01417961054672312,0.0507284778079842
2022-06-22,sh605488,0.740635795347948,0.7670145786513076,0.7244026495520495,0.7644781450852192,36382838.19565964,15.06999969482422,0.0,0.03219173295029587,0.0507284778079842
2022-06-23,sh605488,0.769551012217396,0.7710728530056706,0.753317914799944,0.7675218750402146,25693201.458429337,15.130000114440918,0.0,0.003981447964946261,0.0507284778079842
2022-06-24,sh605488,0.7761457201378477,0.8441218397626514,0.7741165829606661,0.8441218397626514,99369963.73280907,16.639999389648438,0.0,0.09980166978097316,0.0507284778079842
2022-06-27,sh605488,0.8243377643797434,0.9166635785091717,0.8131775340944682,0.8928212287719005,184617169.77689362,17.600000381469727,0.0,0.05769236941309597,0.0507284778079842
2022-06-28,sh605488,0.8628914191246384,0.8644133082913594,0.8243377643797434,0.8466583217071864,144864350.70684052,16.690000534057617,0.0,-0.05170453566411326,0.0507284778079842
2022-06-29,sh605488,0.8334689058662833,0.8395562690193815,0.7964370919096627,0.7989735254757512,76310647.73228264,15.75,0.0,-0.0563211805859114,0.0507284778079842
2022-06-30,sh605488,0.7989735254757512,0.8070900741844773,0.7918715211663927,0.7984662290868443,33430137.730903625,15.739999771118164,0.0,-0.0006349351671006698,0.0507284778079842
2022-07-01,sh605488,0.7933934103331136,0.7954225475102951,0.7776675609261222,0.7802039944922107,29354202.301052094,15.380000114440918,0.0,-0.022871643069386938,0.0507284778079842
2022-07-04,sh605488,0.7741165829606661,0.8004953662640257,0.7741165829606661,0.7913642731559323,23235528.660284042,15.600000381469728,0.0,0.014304308543030775,0.0507284778079842
2022-07-05,sh605488,0.7903496803781183,0.7964370919096627,0.7761457201378477,0.7878132468120297,20361147.123508453,15.529999732971191,0.0,-0.004487220947871684,0.0507284778079842
2022-07-06,sh605488,0.7847695652354806,0.7898423839892114,0.7751311273600336,0.7786821537039362,12425190.489370346,15.350000381469728,0.0,-0.011590428499448913,0.0507284778079842
2022-07-07,sh605488,0.7786821537039362,0.7867987024126621,0.7766530165267546,0.7786821537039362,14664977.782615662,15.350000381469728,0.0,0.0,0.0507284778079842
2022-07-08,sh605488,0.7847695652354806,0.7908569767670252,0.7771602645372152,0.7893351359787506,19931073.11098671,15.5600004196167,0.0,0.01368078390411509,0.0507284778079842
2022-07-11,sh605488,0.7888278395898437,0.8065827777955702,0.782233131669392,0.8050609370072958,23052850.204307556,15.869999885559082,0.0,0.019922844317636468,0.0507284778079842
2022-07-12,sh605488,0.7761457201378477,0.7761457201378477,0.7244026495520495,0.7244026495520495,56283652.16885376,14.279999732971191,0.0,-0.10018904625416614,0.0507284778079842
2022-07-13,sh605488,0.7112132820895928,0.727953675895952,0.7096913929228719,0.7152715564439559,19248734.481962204,14.100000381469728,0.0,-0.012604996839451044,0.0507284778079842
2022-07-14,sh605488,0.7162861008433234,0.726431786729231,0.7152715564439559,0.7203443751976865,13385420.3662529,14.199999809265137,0.0,0.007092157807798927,0.0507284778079842
2022-07-15,sh605488,0.7203443751976865,0.7289682202953195,0.7178079416315979,0.7188225344094118,12706078.081817627,14.170000076293944,0.0,-0.0021126572798697563,0.0507284778079842
2022-07-18,sh605488,0.7203443751976865,0.735562928215771,0.7198370788087795,0.7345483354379571,17179521.98957634,14.479999542236328,0.0,0.021877167556336508,0.0507284778079842
2022-07-19,sh605488,0.735562928215771,0.7426649325251294,0.7259245387187704,0.7370847690040455,13397701.436510086,14.529999732971191,0.0,0.0034530519554933914,0.0507284778079842
2022-07-20,sh605488,0.740128498959041,0.74317218053559,0.7330264946496825,0.7386066581707664,10471534.39160347,14.5600004196167,0.0,0.0020647410321303905,0.0507284778079842
2022-07-21,sh605488,0.7386066581707664,0.740128498959041,0.727953675895952,0.7304900610835939,13523784.462778091,14.399999618530272,0.0,-0.010989065691980215,0.0507284778079842
2022-07-22,sh605488,0.7304900610835939,0.7386066581707664,0.7183152380205049,0.7244026495520495,11571606.824512482,14.279999732971191,0.0,-0.008333325606804998,0.0507284778079842
2022-07-25,sh605488,0.7299828130731334,0.736070224604678,0.7152715564439559,0.7188225344094118,13815021.271734238,14.170000076293944,0.0,-0.007703057334326746,0.0507284778079842
2022-07-26,sh605488,0.7391139061812271,0.7391139061812271,0.7122278264889603,0.7299828130731334,15210706.753723145,14.390000343322754,0.0,0.015525777406089514,0.0507284778079842
2022-07-27,sh605488,0.726939083118138,0.7452013177127715,0.7249099459409565,0.7391139061812271,21572242.008565903,14.56999969482422,0.0,0.01250864122355555,0.0507284778079842
2022-07-28,sh605488,0.7396212025701341,0.7746238793495731,0.7340410874274964,0.7497668884560416,31537256.175035477,14.779999732971191,0.0,0.014413180682602889,0.0507284778079842
2022-07-29,sh605488,0.749259640445581,0.7710728530056706,0.7457086141016785,0.7467232068794925,28313327.38657379,14.720000267028809,0.0,-0.004059503858348301,0.0507284778079842
2022-08-01,sh605488,0.7497668884560416,0.752810618411037,0.7365775209935849,0.752810618411037,14429035.359006882,14.84000015258789,0.0,0.008152165990639837,0.0507284778079842
2022-08-02,sh605488,0.749259640445581,0.749259640445581,0.7167933972322303,0.7238954015415888,23351045.62931633,14.270000457763672,0.0,-0.03840968254470123,0.0507284778079842
2022-08-03,sh605488,0.7208516715865934,0.7964370919096627,0.7208516715865934,0.7660000342519402,109803275.01810646,15.100000381469728,0.0,0.058163973166131866,0.0507284778079842
2022-08-04,sh605488,0.7619417598975771,0.8015099590418397,0.7375920653929525,0.7791894017143967,96136533.37795258,15.359999656677246,0.0,0.01721849461186653,0.0507284778079842
2022-08-05,sh605488,0.7720874457834845,0.7720874457834845,0.7457086141016785,0.7543324591993116,46435061.75991058,14.869999885559082,0.0,-0.03190102747854895,0.0507284778079842
2022-08-08,sh605488,0.760419870730856,0.7685364194395821,0.749259640445581,0.7670145786513076,25775265.8171463,15.119999885559082,0.0,0.01681237403658531,0.0507284778079842
2022-08-09,sh605488,0.7670145786513076,0.7842622688465737,0.760419870730856,0.7817258352804851,30256141.447998047,15.40999984741211,0.0,0.019179891802115767,0.0507284778079842
2022-08-10,sh605488,0.7761457201378477,0.7842622688465737,0.7710728530056706,0.7796966981033037,22590388.0723114,15.369999885559082,0.0,-0.002595714617073419,0.0507284778079842
2022-08-11,sh605488,0.7796966981033037,0.7949152511213881,0.7776675609261222,0.7847695652354806,27280751.558095932,15.470000267028809,0.0,0.006506205739382098,0.0507284778079842
2022-08-12,sh605488,0.7847695652354806,0.7908569767670252,0.7725946937939452,0.7736092865717591,19359145.837516785,15.25,0.0,-0.014221090060204777,0.0507284778079842
2022-08-15,sh605488,0.7710728530056706,0.7786821537039362,0.7649854414741262,0.7761457201378477,14979948.794765472,15.300000190734863,0.0,0.0032787010317942844,0.0507284778079842
2022-08-16,sh605488,0.7761457201378477,0.7857841096348482,0.7705655566167636,0.7857841096348482,16923492.229543686,15.489999771118164,0.0,0.012418273072856367,0.0507284778079842
2022-08-17,sh605488,0.7862914060237551,0.7883205432009367,0.7736092865717591,0.7756384237489407,14973502.71133995,15.289999961853027,0.0,-0.012911543719842156,0.0507284778079842
2022-08-18,sh605488,0.7725946937939452,0.7852768132459412,0.7629563042969446,0.7776675609261222,16078779.32169342,15.329999923706056,0.0,0.0026160864586544097,0.0507284778079842
2022-08-19,sh605488,0.7771602645372152,0.7847695652354806,0.7634636006858515,0.7649854414741262,14593242.927614212,15.079999923706056,0.0,-0.016307893101382476,0.0507284778079842
2022-08-22,sh605488,0.7634636006858515,0.769551012217396,0.7594053263314885,0.7654927378630331,11223183.202047348,15.09000015258789,0.0,0.0006631451546703637,0.0507284778079842
2022-08-23,sh605488,0.7644781450852192,0.7710728530056706,0.7517960256332231,0.7675218750402146,13590591.119441986,15.130000114440918,0.0,0.0026507595393341354,0.0507284778079842
2022-08-24,sh605488,0.7660000342519402,0.7680291714291215,0.7380993617818594,0.740635795347948,17253977.21006012,14.600000381469728,0.0,-0.035029724320049915,0.0507284778079842
2022-08-25,sh605488,0.740635795347948,0.748245047667767,0.7188225344094118,0.7259245387187704,15450493.172035217,14.3100004196167,0.0,-0.01986301056684192,0.0507284778079842
2022-08-26,sh605488,0.7304900610835939,0.7380993617818594,0.7238954015415888,0.7254172423298634,8260941.74530983,14.300000190734863,0.0,-0.0006988279936125386,0.0507284778079842
2022-08-29,sh605488,0.7167933972322303,0.7467232068794925,0.7167933972322303,0.740128498959041,13397898.564443588,14.59000015258789,0.0,0.02027971734160694,0.0507284778079842
2022-08-30,sh605488,0.740635795347948,0.755854299987586,0.7380993617818594,0.7502741848449486,15605593.430114746,14.789999961853027,0.0,0.013708005974877313,0.0507284778079842
2022-08-31,sh605488,0.7502741848449486,0.7583907335536746,0.7294755166842264,0.7416503397473155,19353626.255378723,14.619999885559082,0.0,-0.011494258061691465,0.0507284778079842
2022-09-01,sh605488,0.7416503397473155,0.7523033220221301,0.7365775209935849,0.748752344056674,10821337.909603119,14.760000228881836,0.0,0.009575946950658887,0.0507284778079842
2022-09-02,sh605488,0.7512887776227625,0.7588980299425816,0.7426649325251294,0.7573761891543069,14389649.197893143,14.93000030517578,0.0,0.011517620166515474,0.0507284778079842
2022-09-05,sh605488,0.7573761891543069,0.7771602645372152,0.7573761891543069,0.7720874457834845,17251493.398097992,15.220000267028809,0.0,0.019423975614554667,0.0507284778079842
2022-09-06,sh605488,0.7725946937939452,0.7786821537039362,0.7665072822624006,0.7725946937939452,12628902.495851517,15.229999542236328,0.0,0.0006569825908071536,0.0507284778079842
2022-09-07,sh605488,0.7705655566167636,0.7903496803781183,0.7705655566167636,0.7807112908811176,21353666.555898666,15.390000343322754,0.0,0.010505634004958964,0.0507284778079842
2022-09-08,sh605488,0.7802039944922107,0.7837549724576667,0.769551012217396,0.7731019901828522,13905128.450138092,15.239999771118164,0.0,-0.009746625656812946,0.0507284778079842
2022-09-09,sh605488,0.7670145786513076,0.7817258352804851,0.7665072822624006,0.7761457201378477,10331277.866916656,15.300000190734863,0.0,0.003937035467048267,0.0507284778079842
2022-09-13,sh605488,0.7776675609261222,0.7903496803781183,0.7710728530056706,0.7898423839892114,28986085.59803009,15.56999969482422,0.0,0.0176470261910755,0.0507284778079842
2022-09-14,sh605488,0.7857841096348482,0.7994808218646582,0.770058308606303,0.7969443882985697,35534833.251319885,15.710000038146973,0.0,0.008991672836659692,0.0507284778079842
2022-09-15,sh605488,0.8126702377055612,0.8126702377055612,0.7284609239064125,0.7457086141016785,65288594.16078758,14.699999809265137,0.0,-0.06429027539333909,0.0507284778079842
2022-09-16,sh605488,0.7375920653929525,0.755854299987586,0.727953675895952,0.7391139061812271,25061169.87803459,14.56999969482422,0.0,-0.008843545314808798,0.0507284778079842
2022-09-19,sh605488,0.7375920653929525,0.7472304548899531,0.6873708839738752,0.6995457070369643,36906804.24290848,13.789999961853027,0.0,-0.053534643054816033,0.0507284778079842
2022-09-20,sh605488,0.6995457070369643,0.7081695521345973,0.6899073175399638,0.7025894369919599,15384061.058444977,13.850000381469728,0.0,0.004351009411361684,0.0507284778079842
2022-09-21,sh605488,0.6985311626375967,0.7117205301000534,0.6848344504077868,0.7091840965339649,12079625.221940994,13.979999542236328,0.0,0.009386220735454254,0.0507284778079842
2022-09-22,sh605488,0.7086768485235043,0.713749667277235,0.6970092734708758,0.701574844214146,10942867.280607224,13.829999923706056,0.0,-0.010729586798418178,0.0507284778079842
2022-09-23,sh605488,0.6980238662486898,0.7005602998147783,0.6757033089212469,0.6863562911960613,13616158.612417221,13.529999732971191,0.0,-0.02169198788068205,0.0507284778079842
2022-09-26,sh605488,0.6746887645218792,0.6797615832756096,0.6508463664061617,0.6523682071944362,19339157.065059662,12.859999656677246,0.0,-0.04951959272114581,0.0507284778079842
2022-09-27,sh605488,0.6528755035833431,0.6721523309557907,0.6518609591839757,0.6711377381779767,18799795.3262043,13.229999542236328,0.0,0.028771376005983784,0.0507284778079842
2022-09-28,sh605488,0.6691086010007953,0.6706304901675162,0.6498318220067941,0.6594702115037947,11820677.968492508,13.0,0.0,-0.017384697671535276,0.0507284778079842
2022-09-29,sh605488,0.6620066450698832,0.6675867602125207,0.6442516584857101,0.6472953884407056,6567317.104625702,12.760000228881836,0.0,-0.01846152085524344,0.0507284778079842
2022-09-30,sh605488,0.6483099328400731,0.6523682071944362,0.6366424061658911,0.6381642469541656,7925035.746622086,12.579999923706056,0.0,-0.014106606735660887,0.0507284778079842
2022-10-10,sh605488,0.6432371140863424,0.6447589548746171,0.6295404018565326,0.6361351097769841,7567642.803182602,12.539999961853027,0.0,-0.0031796472254067565,0.0507284778079842
2022-10-11,sh605488,0.6361351097769841,0.6437443620968032,0.6264967202799836,0.6366424061658911,6932299.47350502,12.550000190734863,0.0,0.0007974664204351001,0.0507284778079842
2022-10-12,sh605488,0.637149702554798,0.6559192335383385,0.631062242644807,0.6538900963611571,7311396.202423096,12.890000343322754,0.0,0.02709164521279428,0.0507284778079842
2022-10-13,sh605488,0.6543973443716176,0.6822980168416982,0.6478026848296126,0.6696158973897022,12521645.187232971,13.199999809265137,0.0,0.02404960881967444,0.0507284778079842
2022-10-14,sh605488,0.6696158973897022,0.6838198576299728,0.6696158973897022,0.6797615832756096,8298120.073568344,13.399999618530272,0.0,0.01515150092083739,0.0507284778079842
2022-10-17,sh605488,0.6777324460984283,0.6924437027276057,0.6736741717440653,0.6899073175399638,8356548.793058395,13.600000381469728,0.0,0.014925430495004166,0.0507284778079842
2022-10-18,sh605488,0.6899073175399638,0.6965019770819688,0.6863562911960613,0.6909218619393312,7144074.012466431,13.619999885559082,0.0,0.0014705517300281912,0.0507284778079842
2022-10-19,sh605488,0.6904145655504244,0.6949801362936944,0.6843271540188798,0.6853417467966937,6124764.893913269,13.510000228881836,0.0,-0.008076333157232662,0.0507284778079842
2022-10-20,sh605488,0.6828053132306052,0.6929509991165128,0.6746887645218792,0.6904145655504244,8014433.264465332,13.609999656677246,0.0,0.007401882020818151,0.0507284778079842
2022-10-21,sh605488,0.6878781803627823,0.6959947290715083,0.6817907204527913,0.6853417467966937,3259214.6885585785,13.510000228881836,0.0,-0.0073474967169708805,0.0507284778079842
2022-10-24,sh605488,0.6853417467966937,0.7081695521345973,0.6762106053101539,0.6838198576299728,10616127.730827332,13.479999542236328,0.0,-0.002220628137471925,0.0507284778079842
2022-10-25,sh605488,0.6782397424873352,0.6843271540188798,0.6645430786359717,0.6721523309557907,7801061.989242554,13.25,0.0,-0.017062281160743376,0.0507284778079842
2022-10-26,sh605488,0.6797615832756096,0.6934582955054197,0.6741814681329722,0.6833126096195122,13258134.85959053,13.470000267028809,0.0,0.01660379373802323,0.0507284778079842
2022-10-27,sh605488,0.6919364547171453,0.6939655918943267,0.6797615832756096,0.6883854283732429,10358639.224086761,13.56999969482422,0.0,0.007423862346921162,0.0507284778079842
2022-10-28,sh605488,0.6944728399047874,0.6944728399047874,0.6523682071944362,0.6564264815487992,10003868.082162857,12.9399995803833,0.0,-0.0464259490500365,0.0507284778079842
2022-10-31,sh605488,0.6442516584857101,0.6736741717440653,0.6442516584857101,0.6686013529903345,8638244.610033035,13.18000030517578,0.0,0.018547197262379633,0.0507284778079842
2022-11-01,sh605488,0.6686013529903345,0.6833126096195122,0.6675867602125207,0.6792543352651492,9600031.797590256,13.390000343322754,0.0,0.015933234695336695,0.0507284778079842
2022-11-02,sh605488,0.6782397424873352,0.6909218619393312,0.6757033089212469,0.6888927247621499,12677494.531459808,13.579999923706056,0.0,0.014189662099452383,0.0507284778079842
2022-11-03,sh605488,0.6888927247621499,0.6959947290715083,0.6853417467966937,0.6914291583282383,10566569.76834488,13.630000114440918,0.0,0.003681899191146476,0.0507284778079842
2022-11-04,sh605488,0.6899073175399638,0.7081695521345973,0.6899073175399638,0.7020821406030529,12860192.700229645,13.84000015258789,0.0,0.015407192691398341,0.0507284778079842
2022-11-07,sh605488,0.7167933972322303,0.7167933972322303,0.6965019770819688,0.7025894369919599,12073139.712928772,13.850000381469728,0.0,0.0007225598823399348,0.0507284778079842
2022-11-08,sh605488,0.7025894369919599,0.7162861008433234,0.701067547825239,0.713749667277235,16630757.248292923,14.06999969482422,0.0,0.015884426519499284,0.0507284778079842
2022-11-09,sh605488,0.713749667277235,0.7157788044544164,0.7061404149574158,0.7096913929228719,9736148.635673523,13.989999771118164,0.0,-0.005685851132995023,0.0507284778079842
2022-11-10,sh605488,0.7091840965339649,0.7107059857006859,0.701574844214146,0.7036039813913274,6157783.822774887,13.869999885559082,0.0,-0.00857754735684968,0.0507284778079842
2022-11-11,sh605488,0.7127351228778673,0.7157788044544164,0.7036039813913274,0.7051258221796018,15629662.750795364,13.899999618530272,0.0,0.002162922366165665,0.0507284778079842
2022-11-14,sh605488,0.7096913929228719,0.7096913929228719,0.6929509991165128,0.7025894369919599,12004696.89441681,13.850000381469728,0.0,-0.003597067513145036,0.0507284778079842
2022-11-15,sh605488,0.7046185741691413,0.7193298307983188,0.7025894369919599,0.7183152380205049,17962041.034406662,14.15999984741211,0.0,0.022382632303544092,0.0507284778079842
2022-11-16,sh605488,0.7188225344094118,0.721866215985961,0.7096913929228719,0.7183152380205049,11831520.004835129,14.15999984741211,0.0,0.0,0.0507284778079842
2022-11-17,sh605488,0.7162861008433234,0.7228808087637749,0.7117205301000534,0.721866215985961,14101053.903245926,14.229999542236328,0.0,0.004943481326167731,0.0507284778079842
2022-11-18,sh605488,0.7228808087637749,0.727953675895952,0.7178079416315979,0.7188225344094118,12332224.95593071,14.170000076293944,0.0,-0.004216406737350797,0.0507284778079842
2022-11-21,sh605488,0.7157788044544164,0.7375920653929525,0.7127351228778673,0.7315046538614078,25776862.55340767,14.420000076293944,0.0,0.017642907456171697,0.0507284778079842
2022-11-22,sh605488,0.7309973574725009,0.7457086141016785,0.7254172423298634,0.735055631826864,38460034.36935234,14.489999771118164,0.0,0.00485434774298632,0.0507284778079842
2022-11-23,sh605488,0.7345483354379571,0.7345483354379571,0.7086768485235043,0.7193298307983188,21360644.884744644,14.18000030517578,0.0,-0.0213940283532843,0.0507284778079842
2022-11-24,sh605488,0.7223735123748679,0.743679476924497,0.7193298307983188,0.7254172423298634,31125357.357982635,14.300000190734863,0.0,0.008462615160542919,0.0507284778079842
2022-11-25,sh605488,0.7289682202953195,0.7299828130731334,0.713749667277235,0.7162861008433234,12451053.674245834,14.119999885559082,0.0,-0.01258743376048388,0.0507284778079842
2022-11-28,sh605488,0.7162861008433234,0.7162861008433234,0.7036039813913274,0.7086768485235043,12864726.642700195,13.970000267028809,0.0,-0.01062320253158655,0.0507284778079842
2022-11-29,sh605488,0.7081695521345973,0.7244026495520495,0.7061404149574158,0.7203443751976865,10619380.341730118,14.199999809265137,0.0,0.016463818027202093,0.0507284778079842
2022-11-30,sh605488,0.7203443751976865,0.7294755166842264,0.7162861008433234,0.7193298307983188,9064533.766231537,14.18000030517578,0.0,-0.001408415799858509,0.0507284778079842
2022-12-01,sh605488,0.7244026495520495,0.727953675895952,0.7198370788087795,0.7259245387187704,9938618.73617363,14.3100004196167,0.0,0.009167849904309966,0.0507284778079842
2022-12-02,sh605488,0.7259245387187704,0.7320119502503148,0.7259245387187704,0.7304900610835939,11989340.628396988,14.399999618530272,0.0,0.006289252010796442,0.0507284778079842
2022-12-05,sh605488,0.735055631826864,0.7421576361362224,0.7294755166842264,0.7320119502503148,14880832.869800568,14.43000030517578,0.0,0.0020833810722398205,0.0507284778079842
2022-12-06,sh605488,0.7325191982607755,0.7588980299425816,0.7304900610835939,0.7309973574725009,21137732.61754036,14.40999984741211,0.0,-0.0013860330797426101,0.0507284778079842
2022-12-07,sh605488,0.7309973574725009,0.7370847690040455,0.7259245387187704,0.7299828130731334,9550158.4304142,14.390000343322754,0.0,-0.0013878906524033008,0.0507284778079842
2022-12-08,sh605488,0.7304900610835939,0.7335337910385894,0.7244026495520495,0.7284609239064125,8179784.175086975,14.359999656677246,0.0,-0.0020848287650965247,0.0507284778079842
2022-12-09,sh605488,0.7325191982607755,0.7325191982607755,0.7238954015415888,0.7259245387187704,8615890.302373886,14.3100004196167,0.0,-0.003481841104174266,0.0507284778079842
2022-12-12,sh605488,0.7289682202953195,0.7294755166842264,0.7208516715865934,0.7259245387187704,6691231.723625183,14.3100004196167,0.0,0.0,0.0507284778079842
2022-12-13,sh605488,0.7233881051526819,0.727953675895952,0.7152715564439559,0.7254172423298634,9620237.410774231,14.300000190734863,0.0,-0.0006988279936125386,0.0507284778079842
2022-12-14,sh605488,0.726431786729231,0.7340410874274964,0.7228808087637749,0.7325191982607755,15952026.060451508,14.4399995803833,0.0,0.009790166977700077,0.0507284778079842
2022-12-15,sh605488,0.7320119502503148,0.735562928215771,0.7294755166842264,0.7320119502503148,9749454.771184921,14.43000030517578,0.0,-0.000692470602360995,0.0507284778079842
2022-12-16,sh605488,0.7289682202953195,0.7345483354379571,0.7198370788087795,0.7259245387187704,9488555.951194763,14.3100004196167,0.0,-0.008316000209372065,0.0507284778079842
2022-12-19,sh605488,0.7254172423298634,0.726431786729231,0.6934582955054197,0.6965019770819688,13892591.113567352,13.729999542236328,0.0,-0.040531157258757555,0.0507284778079842
2022-12-20,sh605488,0.6965019770819688,0.7041112777802343,0.6848344504077868,0.7041112777802343,11130138.81743431,13.880000114440918,0.0,0.010925023831439784,0.0507284778079842
2022-12-21,sh605488,0.6990384106480574,0.7041112777802343,0.6909218619393312,0.6924437027276057,7751523.739553452,13.649999618530272,0.0,-0.016570640779127288,0.0507284778079842
2022-12-22,sh605488,0.701574844214146,0.701574844214146,0.6721523309557907,0.6838198576299728,11386641.68450737,13.479999542236328,0.0,-0.012454218391564131,0.0507284778079842
2022-12-23,sh605488,0.6757033089212469,0.6822980168416982,0.6675867602125207,0.6706304901675162,8688216.541175842,13.220000267028809,0.0,-0.019287780714893565,0.0507284778079842
2022-12-26,sh605488,0.6721523309557907,0.6767179016990608,0.6599775078927016,0.6716450345668837,9925056.334348679,13.239999771118164,0.0,0.0015128217613757933,0.0507284778079842
2022-12-27,sh605488,0.6746887645218792,0.6767179016990608,0.6635284858581578,0.6701231937786092,9143246.950078964,13.210000038146973,0.0,-0.0022658408980212874,0.0507284778079842
2022-12-28,sh605488,0.6736741717440653,0.6736741717440653,0.6640357822470646,0.6680940566014276,7862644.75566864,13.170000076293944,0.0,-0.0030280061875488373,0.0507284778079842
2022-12-29,sh605488,0.6614993486809762,0.6721523309557907,0.6614993486809762,0.6686013529903345,6463194.130149841,13.18000030517578,0.0,0.0007593188173047327,0.0507284778079842
2022-12-30,sh605488,0.6746887645218792,0.6878781803627823,0.6670794638236136,0.6777324460984283,36614562.08149147,13.359999656677246,0.0,0.013657006626227597,0.0507284778079842
2023-01-03,sh605488,0.6762106053101539,0.7051258221796018,0.6736741717440653,0.7041112777802343,60196464.23373222,13.880000114440918,0.0,0.038922190952585645,0.0507284778079842
2023-01-04,sh605488,0.6721523309557907,0.6807761760534237,0.6696158973897022,0.6797615832756096,59721997.010585785,13.399999618530272,0.0,-0.03458216800814351,0.0507284778079842
2023-01-05,sh605488,0.6762106053101539,0.6787470388762422,0.6706304901675162,0.6767179016990608,26259806.277694702,13.34000015258789,0.0,-0.004477572212719383,0.0507284778079842
2023-01-06,sh605488,0.6751960609107862,0.6817907204527913,0.6731669237336046,0.6812834724423307,24618814.79525566,13.43000030517578,0.0,0.0067466380478586885,0.0507284778079842
2023-01-09,sh605488,0.6802688796645168,0.6904145655504244,0.6772251980879678,0.6828053132306052,20513546.728899002,13.460000038146973,0.0,0.002233784980602893,0.0507284778079842
2023-01-10,sh605488,0.6828053132306052,0.7091840965339649,0.6802688796645168,0.6975165698597828,44091013.502635956,13.75,0.0,0.02154531656992109,0.0507284778079842
2023-01-11,sh605488,0.7030966850024204,0.7076622557456904,0.6838198576299728,0.6838198576299728,26733760.968214035,13.479999542236328,0.0,-0.01963639692826702,0.0507284778079842
2023-01-12,sh605488,0.6848344504077868,0.6904145655504244,0.6843271540188798,0.6883854283732429,14081498.812242508,13.56999969482422,0.0,0.006676569409805877,0.0507284778079842
2023-01-13,sh605488,0.6868635875849682,0.6965019770819688,0.6777324460984283,0.6949801362936944,26098811.894403458,13.699999809265137,0.0,0.00957996443363962,0.0507284778079842
2023-01-16,sh605488,0.6949801362936944,0.7193298307983188,0.6899073175399638,0.7173006936211374,38961271.56586838,14.140000343322754,0.0,0.03211682775061431,0.0507284778079842
2023-01-17,sh605488,0.740128498959041,0.7497668884560416,0.7076622557456904,0.7132424192667743,38179718.447912216,14.0600004196167,0.0,-0.0056577030950237805,0.0507284778079842
2023-01-18,sh605488,0.7173006936211374,0.7228808087637749,0.7086768485235043,0.7127351228778673,24183063.498249054,14.050000190734863,0.0,-0.0007112538110513045,0.0507284778079842
2023-01-19,sh605488,0.713749667277235,0.727953675895952,0.7101986893117789,0.7152715564439559,25049637.893924713,14.100000381469728,0.0,0.0035587323883339295,0.0507284778079842
2023-01-20,sh605488,0.7157788044544164,0.7375920653929525,0.7157788044544164,0.736070224604678,31307917.53719902,14.510000228881836,0.0,0.029078002575867457,0.0507284778079842
2023-01-30,sh605488,0.7462159104905856,0.7517960256332231,0.7304900610835939,0.74317218053559,36074214.7029686,14.649999618530272,0.0,0.009648476046869359,0.0507284778079842
2023-01-31,sh605488,0.7452013177127715,0.7467232068794925,0.7330264946496825,0.7365775209935849,27895633.008275986,14.520000457763672,0.0,-0.008873663082022754,0.0507284778079842
2023-02-01,sh605488,0.7365775209935849,0.7543324591993116,0.735562928215771,0.753317914799944,32275519.998794556,14.850000381469728,0.0,0.022727266756359388,0.0507284778079842
2023-02-02,sh605488,0.7523033220221301,0.7629563042969446,0.7457086141016785,0.752810618411037,31198649.523658752,14.84000015258789,0.0,-0.0006734160690201607,0.0507284778079842
2023-02-03,sh605488,0.753317914799944,0.7624490079080376,0.74317218053559,0.752810618411037,32844372.076501846,14.84000015258789,0.0,0.0,0.0507284778079842
2023-02-06,sh605488,0.7457086141016785,0.7654927378630331,0.7446940697023109,0.7583907335536746,35735923.45628548,14.949999809265137,0.0,0.007412375710660779,0.0507284778079842
2023-02-07,sh605488,0.7573761891543069,0.760927167119763,0.7396212025701341,0.74317218053559,31132710.229902267,14.649999618530272,0.0,-0.02006690264630928,0.0507284778079842
2023-02-08,sh605488,0.7462159104905856,0.755854299987586,0.735055631826864,0.7472304548899531,35835295.647563934,14.729999542236328,0.0,0.005460745787656318,0.0507284778079842
2023-02-09,sh605488,0.7457086141016785,0.7538251628104046,0.7411430433584085,0.748245047667767,23734518.598358154,14.75,0.0,0.0013578043710269494,0.0507284778079842
2023-02-10,sh605488,0.752810618411037,0.752810618411037,0.7380993617818594,0.7426649325251294,17187485.95808983,14.640000343322754,0.0,-0.00745760384252514,0.0507284778079842
2023-02-13,sh605488,0.749259640445581,0.749259640445581,0.735562928215771,0.7452013177127715,17442569.50404167,14.6899995803833,0.0,0.0034152483530065503,0.0507284778079842
2023-02-14,sh605488,0.74773775127886,0.753317914799944,0.743679476924497,0.749259640445581,16258776.837774277,14.770000457763672,0.0,0.005445941434008006,0.0507284778079842
2023-02-15,sh605488,0.748245047667767,0.7507814812338555,0.743679476924497,0.7507814812338555,13823892.028741837,14.800000190734863,0.0,0.0020311260691547872,0.0507284778079842
2023-02-16,sh605488,0.7507814812338555,0.7573761891543069,0.7167933972322303,0.7325191982607755,23757641.704957962,14.4399995803833,0.0,-0.024324365250814717,0.0507284778079842
2023-02-17,sh605488,0.7325191982607755,0.7507814812338555,0.7309973574725009,0.7391139061812271,24573672.498483658,14.56999969482422,0.0,0.009002778269988632,0.0507284778079842
2023-02-20,sh605488,0.7335337910385894,0.7457086141016785,0.7330264946496825,0.7441867733134039,18342359.95651245,14.670000076293944,0.0,0.0068634443077748575,0.0507284778079842
2023-02-21,sh605488,0.7446940697023109,0.748752344056674,0.7416503397473155,0.7462159104905856,16163110.65164566,14.710000038146973,0.0,0.002726650418882315,0.0507284778079842
2023-02-22,sh605488,0.7467232068794925,0.74773775127886,0.740635795347948,0.7441867733134039,12211582.660627365,14.670000076293944,0.0,-0.00271923601286872,0.0507284778079842
2023-02-23,sh605488,0.7457086141016785,0.7512887776227625,0.7426649325251294,0.7507814812338555,11370536.33234024,14.800000190734863,0.0,0.008861630113485397,0.0507284778079842
2023-02-24,sh605488,0.7507814812338555,0.7507814812338555,0.740635795347948,0.7472304548899531,9417984.151000977,14.729999542236328,0.0,-0.004729773486243372,0.0507284778079842
2023-02-27,sh605488,0.7472304548899531,0.7512887776227625,0.7396212025701341,0.7441867733134039,8235315.113954544,14.670000076293944,0.0,-0.004073283625728896,0.0507284778079842
2023-02-28,sh605488,0.7411430433584085,0.748245047667767,0.7380993617818594,0.743679476924497,10217239.357385635,14.65999984741211,0.0,-0.0006816788568388965,0.0507284778079842
2023-03-01,sh605488,0.7502741848449486,0.7502741848449486,0.7396212025701341,0.7457086141016785,14053940.3271389,14.699999809265137,0.0,0.002728510386723393,0.0507284778079842
2023-03-02,sh605488,0.748752344056674,0.752810618411037,0.7441867733134039,0.7462159104905856,13179677.942056656,14.710000038146973,0.0,0.0006802876878633235,0.0507284778079842
2023-03-03,sh605488,0.743679476924497,0.7502741848449486,0.740128498959041,0.7457086141016785,10555313.763341904,14.699999809265137,0.0,-0.0006798252111422931,0.0507284778079842
2023-03-06,sh605488,0.7457086141016785,0.7472304548899531,0.7380993617818594,0.7391139061812271,13201756.270608902,14.56999969482422,0.0,-0.008843545314808798,0.0507284778079842
2023-03-07,sh605488,0.7421576361362224,0.7441867733134039,0.727953675895952,0.7325191982607755,19123282.265081406,14.4399995803833,0.0,-0.008922451418245436,0.0507284778079842
2023-03-08,sh605488,0.7325191982607755,0.7365775209935849,0.7244026495520495,0.7365775209935849,13789039.810098648,14.520000457763672,0.0,0.005540227126394903,0.0507284778079842
2023-03-09,sh605488,0.7365775209935849,0.7462159104905856,0.7365775209935849,0.7457086141016785,11941024.5718956,14.699999809265137,0.0,0.012396649161620532,0.0507284778079842
2023-03-10,sh605488,0.7457086141016785,0.7457086141016785,0.727953675895952,0.7304900610835939,15011390.700159073,14.399999618530272,0.0,-0.020408176505266384,0.0507284778079842
2023-03-13,sh605488,0.7289682202953195,0.7345483354379571,0.7162861008433234,0.7183152380205049,15275364.715911865,14.15999984741211,0.0,-0.016666651213610106,0.0507284778079842
2023-03-14,sh605488,0.7188225344094118,0.7213589679755004,0.701067547825239,0.7096913929228719,15430583.250751495,13.989999771118164,0.0,-0.012005655234877288,0.0507284778079842
2023-03-15,sh605488,0.7096913929228719,0.7289682202953195,0.7051258221796018,0.7193298307983188,11433025.887260437,14.18000030517578,0.0,0.01358116777456031,0.0507284778079842
2023-03-16,sh605488,0.7208516715865934,0.7208516715865934,0.7000530034258713,0.7000530034258713,11219634.899244308,13.800000190734863,0.0,-0.026798314969162185,0.0507284778079842
2023-03-17,sh605488,0.701574844214146,0.7157788044544164,0.701574844214146,0.714256963666142,16187515.089813232,14.079999923706056,0.0,0.020289835442117043,0.0507284778079842
2023-03-20,sh605488,0.7122278264889603,0.7233881051526819,0.7051258221796018,0.7101986893117789,12716092.180839539,14.0,0.0,-0.005681812794001706,0.0507284778079842
2023-03-21,sh605488,0.7081695521345973,0.7178079416315979,0.7061404149574158,0.7178079416315979,9388868.355222702,14.149999618530272,0.0,0.010714258466447912,0.0507284778079842
2023-03-22,sh605488,0.7178079416315979,0.7284609239064125,0.7147642600550489,0.7259245387187704,11564786.198013306,14.3100004196167,0.0,0.011307477413419642,0.0507284778079842
2023-03-23,sh605488,0.7259245387187704,0.727953675895952,0.7188225344094118,0.7259245387187704,11863750.421962738,14.3100004196167,0.0,0.0,0.0507284778079842
2023-03-24,sh605488,0.7289682202953195,0.736070224604678,0.7233881051526819,0.7345483354379571,16202437.674379349,14.479999542236328,0.0,0.011879742671886184,0.0507284778079842
2023-03-27,sh605488,0.7340410874274964,0.7396212025701341,0.7259245387187704,0.7365775209935849,15574190.950307846,14.520000457763672,0.0,0.0027624942535851016,0.0507284778079842
2023-03-28,sh605488,0.7517960256332231,0.7517960256332231,0.7294755166842264,0.7325191982607755,26439941.78332901,14.4399995803833,0.0,-0.005509702125222393,0.0507284778079842
2023-03-29,sh605488,0.7325191982607755,0.735562928215771,0.7167933972322303,0.7198370788087795,15316249.049320221,14.1899995803833,0.0,-0.0173130198936865,0.0507284778079842
2023-03-30,sh605488,0.7233881051526819,0.7233881051526819,0.7107059857006859,0.7107059857006859,10777950.051439285,14.010000228881836,0.0,-0.012684944103190876,0.0507284778079842
2023-03-31,sh605488,0.7112132820895928,0.7167933972322303,0.6944728399047874,0.6980238662486898,28327579.736166,13.760000228881836,0.0,-0.01784439656786163,0.0507284778079842
2023-04-03,sh605488,0.6944728399047874,0.6975165698597828,0.6858490431856007,0.6924437027276057,24580473.412189484,13.649999618530272,0.0,-0.00799423027048185,0.0507284778079842
2023-04-04,sh605488,0.6949801362936944,0.6949801362936944,0.6675867602125207,0.6746887645218792,32784050.928850174,13.300000190734863,0.0,-0.025640984437851122,0.0507284778079842
2023-04-06,sh605488,0.6746887645218792,0.6746887645218792,0.6630211894692508,0.6665722158131532,18437178.492527008,13.140000343322754,0.0,-0.012030063542673441,0.0507284778079842
2023-04-07,sh605488,0.6670794638236136,0.6741814681329722,0.6645430786359717,0.6706304901675162,14060642.676877975,13.220000267028809,0.0,0.006088274095571666,0.0507284778079842
2023-04-10,sh605488,0.6721523309557907,0.6721523309557907,0.6599775078927016,0.6635284858581578,16163504.907512665,13.079999923706056,0.0,-0.01059004088463733,0.0507284778079842
2023-04-11,sh605488,0.6640357822470646,0.6741814681329722,0.6599775078927016,0.6706304901675162,15251886.779031754,13.220000267028809,0.0,0.010703390224721332,0.0507284778079842
2023-04-12,sh605488,0.6706304901675162,0.7020821406030529,0.6686013529903345,0.6985311626375967,43225976.704841614,13.770000457763672,0.0,0.04160364444973452,0.0507284778079842
2023-04-13,sh605488,0.6985311626375967,0.7244026495520495,0.6848344504077868,0.7157788044544164,64715819.2372036,14.109999656677246,0.0,0.02469129902765399,0.0507284778079842
2023-04-14,sh605488,0.7173006936211374,0.7223735123748679,0.7096913929228719,0.7127351228778673,29034677.633638382,14.050000190734863,0.0,-0.004252265584853476,0.0507284778079842
2023-04-17,sh605488,0.7178079416315979,0.74317218053559,0.7030966850024204,0.7426649325251294,68640242.13736534,14.640000343322754,0.0,0.04199289285255392,0.0507284778079842
2023-04-18,sh605488,0.7391139061812271,0.7467232068794925,0.7330264946496825,0.7446940697023109,45006179.93391991,14.68000030517578,0.0,0.002732237767417045,0.0507284778079842
2023-04-19,sh605488,0.7446940697023109,0.782740428058299,0.7233881051526819,0.726431786729231,129504181.553936,14.31999969482422,0.0,-0.02452320183022283,0.0507284778079842
2023-04-20,sh605488,0.7309973574725009,0.735562928215771,0.7056331185685089,0.7081695521345973,46481564.23942375,13.960000038146973,0.0,-0.02513964136517166,0.0507284778079842
2023-04-21,sh605488,0.713749667277235,0.7330264946496825,0.701574844214146,0.7066477113463228,43307390.54137802,13.93000030517578,0.0,-0.002148978000660162,0.0507284778079842
2023-04-24,sh605488,0.7101986893117789,0.7583907335536746,0.6919364547171453,0.7583907335536746,91390441.82536697,14.949999809265137,0.0,0.07322322194855735,0.0507284778079842
2023-04-25,sh605488,0.7583907335536746,0.760927167119763,0.7345483354379571,0.7538251628104046,100947460.30786705,14.859999656677246,0.0,-0.00602007717298525,0.0507284778079842
2023-04-26,sh605488,0.74317218053559,0.7761457201378477,0.74317218053559,0.7751311273600336,80750855.87045288,15.279999732971191,0.0,0.028263801211140693,0.0507284778079842
2023-04-27,sh605488,0.7751311273600336,0.7817258352804851,0.7568688927653999,0.7710728530056706,76323106.21767998,15.199999809265137,0.0,-0.005235597192677299,0.0507284778079842
2023-04-28,sh605488,0.7731019901828522,0.7731019901828522,0.760927167119763,0.7619417598975771,52063675.35799217,15.020000457763672,0.0,-0.011842062747378868,0.0507284778079842
2023-05-04,sh605488,0.755854299987586,0.8081046669622911,0.74773775127886,0.8065827777955702,106523677.30122375,15.899999618530272,0.0,0.05858849094187191,0.0507284778079842
2023-05-05,sh605488,0.8055682333962028,0.8055682333962028,0.782740428058299,0.7913642731559323,81284638.88879013,15.600000381469728,0.0,-0.018867876997362698,0.0507284778079842
2023-05-08,sh605488,0.7908569767670252,0.8065827777955702,0.7903496803781183,0.7949152511213881,49846952.032966614,15.670000076293944,0.0,0.004487159814903885,0.0507284778079842
2023-05-09,sh605488,0.7928861139442067,0.7969443882985697,0.769551012217396,0.770058308606303,28170863.029031754,15.18000030517578,0.0,-0.03126992780679372,0.0507284778079842
2023-05-10,sh605488,0.7852768132459412,0.7852768132459412,0.760927167119763,0.7705655566167636,21980553.097229004,15.1899995803833,0.0,0.0006587137685440947,0.0507284778079842
2023-05-11,sh605488,0.7852768132459412,0.7852768132459412,0.7690437158284891,0.7756384237489407,15626134.160785675,15.289999961853027,0.0,0.006583303767754511,0.0507284778079842
2023-05-12,sh605488,0.7751311273600336,0.7807112908811176,0.7660000342519402,0.770058308606303,10505046.140298843,15.18000030517578,0.0,-0.007194222168193987,0.0507284778079842
2023-05-15,sh605488,0.7690437158284891,0.7913642731559323,0.7619417598975771,0.7898423839892114,21361078.56619835,15.56999969482422,0.0,0.025691658880630408,0.0507284778079842
2023-05-16,sh605488,0.7898423839892114,0.7898423839892114,0.7644781450852192,0.7812185388915781,22496436.899204254,15.399999618530272,0.0,-0.010918437997815778,0.0507284778079842
2023-05-17,sh605488,0.7812185388915781,0.7812185388915781,0.7705655566167636,0.7741165829606661,7738631.572702408,15.260000228881836,0.0,-0.009090869682878422,0.0507284778079842
2023-05-18,sh605488,0.7741165829606661,0.7817258352804851,0.7680291714291215,0.7690437158284891,11776521.311388016,15.15999984741211,0.0,-0.00655310484730276,0.0507284778079842
2023-05-19,sh605488,0.7644781450852192,0.7776675609261222,0.7619417598975771,0.7720874457834845,15571529.723205566,15.220000267028809,0.0,0.003957811360198793,0.0507284778079842
2023-05-22,sh605488,0.7725946937939452,0.782740428058299,0.7710728530056706,0.7781748573150291,17139583.870248795,15.34000015258789,0.0,0.007884355023241252,0.0507284778079842
2023-05-23,sh605488,0.7756384237489407,0.7862914060237551,0.7649854414741262,0.7660000342519402,9578998.247085571,15.100000381469728,0.0,-0.015645356501360563,0.0507284778079842
2023-05-24,sh605488,0.760927167119763,0.782740428058299,0.756361596376493,0.7751311273600336,13323187.077646255,15.279999732971191,0.0,0.011920486553255616,0.0507284778079842
2023-05-25,sh605488,0.7746238793495731,0.7812185388915781,0.7675218750402146,0.7736092865717591,10922839.0825634,15.25,0.0,-0.0019633333439436074,0.0507284778079842
2023-05-26,sh605488,0.7756384237489407,0.7832476760687597,0.7644781450852192,0.7802039944922107,17374264.67508316,15.380000114440918,0.0,0.008524597668256861,0.0507284778079842
2023-05-29,sh605488,0.7796966981033037,0.7898423839892114,0.7710728530056706,0.7837549724576667,24054043.265771866,15.449999809265137,0.0,0.004551345533378326,0.0507284778079842
2023-05-30,sh605488,0.7776675609261222,0.8004953662640257,0.7776675609261222,0.7923788175552997,21533131.826559067,15.619999885559082,0.0,0.011003241319912371,0.0507284778079842
2023-05-31,sh605488,0.7933934103331136,0.8096265077505658,0.7862914060237551,0.8015099590418397,51503713.75008583,15.800000190734863,0.0,0.011523707201956723,0.0507284778079842
2023-06-01,sh605488,0.8015099590418397,0.8218013791921013,0.7715801493945776,0.8131775340944682,93024435.26616669,16.030000686645508,0.0,0.014556993236336524,0.0507284778079842
2023-06-02,sh605488,0.8207867864142873,0.8344834986440973,0.7999881182535652,0.8015099590418397,105962138.6698494,15.800000190734863,0.0,-0.014348127639336683,0.0507284778079842
2023-06-05,sh605488,0.7974516846874767,0.8020172554307466,0.7802039944922107,0.7817258352804851,54005661.48209572,15.40999984741211,0.0,-0.02468356573510999,0.0507284778079842
2023-06-06,sh605488,0.7862914060237551,0.7883205432009367,0.7644781450852192,0.7649854414741262,22000660.146446228,15.079999923706056,0.0,-0.021414661062535423,0.0507284778079842
2023-06-07,sh605488,0.7649854414741262,0.7725946937939452,0.7634636006858515,0.7675218750402146,17708554.224716187,15.130000114440918,0.0,0.0033156625323491618,0.0507284778079842
2023-06-08,sh605488,0.7670145786513076,0.7761457201378477,0.7634636006858515,0.7675218750402146,16625178.52777481,15.130000114440918,0.0,0.0,0.0507284778079842
2023-06-09,sh605488,0.7675218750402146,0.7710728530056706,0.7614344635086701,0.7685364194395821,14936383.521461487,15.149999618530272,0.0,0.0013218442787892304,0.0507284778079842
2023-06-12,sh605488,0.7670145786513076,0.7736092865717591,0.7624490079080376,0.7690437158284891,15588581.289453506,15.15999984741211,0.0,0.0006600811309331878,0.0507284778079842
2023-06-13,sh605488,0.7710728530056706,0.7731019901828522,0.7614344635086701,0.7614344635086701,13076284.340934753,15.010000228881836,0.0,-0.00989443403958079,0.0507284778079842
2023-06-14,sh605488,0.7624490079080376,0.7670145786513076,0.755854299987586,0.7614344635086701,15762053.87093544,15.010000228881836,0.0,0.0,0.0507284778079842
2023-06-15,sh605488,0.7568688927653999,0.7690437158284891,0.756361596376493,0.7624490079080376,15754168.753595352,15.029999732971191,0.0,0.0013324119776410015,0.0507284778079842
2023-06-16,sh605488,0.7710728530056706,0.8192648972475663,0.7639708970747585,0.8060755297851098,90800102.80290794,15.890000343322754,0.0,0.05721893716770898,0.0507284778079842
2023-06-19,sh605488,0.8010026626529327,0.8167285120599242,0.7802039944922107,0.7842622688465737,38656748.33419418,15.460000038146973,0.0,-0.027061063303027266,0.0507284778079842
2023-06-20,sh605488,0.7812185388915781,0.7893351359787506,0.7629563042969446,0.7629563042969446,29630417.961475372,15.039999961853027,0.0,-0.027166887144735474,0.0507284778079842
2023-06-21,sh605488,0.769551012217396,0.8172358084488313,0.7568688927653999,0.7731019901828522,73253765.15467072,15.239999771118164,0.0,0.013297859692314562,0.0507284778079842
2023-06-26,sh605488,0.7736092865717591,0.8015099590418397,0.7619417598975771,0.7649854414741262,40083954.57275009,15.079999923706056,0.0,-0.010498677809387402,0.0507284778079842
2023-06-27,sh605488,0.7761457201378477,0.7939006583435742,0.7685364194395821,0.7842622688465737,47363238.63480568,15.460000038146973,0.0,0.025198946708451242,0.0507284778079842
2023-06-28,sh605488,0.7888278395898437,0.7888278395898437,0.7715801493945776,0.7807112908811176,19490630.16916275,15.390000343322754,0.0,-0.0045277939619338126,0.0507284778079842
2023-06-29,sh605488,0.7812185388915781,0.8233231716019294,0.7781748573150291,0.8015099590418397,76454294.85742569,15.800000190734863,0.0,0.026640665254435536,0.0507284778079842
2023-06-30,sh605488,0.8015099590418397,0.8101338041394728,0.7913642731559323,0.7959297955207557,47628080.01346588,15.6899995803833,0.0,-0.006962063862256618,0.0507284778079842
2023-07-03,sh605488,0.7918715211663927,0.8010026626529327,0.7852768132459412,0.7923788175552997,40910945.67937851,15.619999885559082,0.0,-0.0044614210768837426,0.0507284778079842
2023-07-04,sh605488,0.7923788175552997,0.8050609370072958,0.7852768132459412,0.7964370919096627,56207186.24344826,15.699999809265137,0.0,0.005121634077604353,0.0507284778079842
2023-07-05,sh605488,0.7989735254757512,0.8136848304833751,0.7913642731559323,0.8070900741844773,54012363.83183479,15.90999984741211,0.0,0.013375798770586256,0.0507284778079842
2023-07-06,sh605488,0.8086119149727518,0.8086119149727518,0.7867987024126621,0.7888278395898437,34833195.797605515,15.550000190734863,0.0,-0.022627257079188667,0.0507284778079842
2023-07-07,sh605488,0.7842622688465737,0.8040463926079283,0.7832476760687597,0.7964370919096627,34332293.71857643,15.699999809265137,0.0,0.009646277600668274,0.0507284778079842
2023-07-10,sh605488,0.7969443882985697,0.7974516846874767,0.7817258352804851,0.7837549724576667,16917519.25315857,15.449999809265137,0.0,-0.01592356707243181,0.0507284778079842
2023-07-11,sh605488,0.7908569767670252,0.8010026626529327,0.7837549724576667,0.7999881182535652,23211124.22211647,15.770000457763672,0.0,0.020712016339743622,0.0507284778079842
2023-07-12,sh605488,0.7989735254757512,0.8015099590418397,0.7878132468120297,0.7913642731559323,24315080.075315475,15.600000381469728,0.0,-0.010779966478076553,0.0507284778079842
2023-07-13,sh605488,0.8004953662640257,0.8070900741844773,0.7933934103331136,0.8004953662640257,55461214.71748924,15.779999732971191,0.0,0.011538419685891421,0.0507284778079842
2023-07-14,sh605488,0.7944079547324813,0.8045536406183887,0.7736092865717591,0.7994808218646582,56238923.84074211,15.760000228881836,0.0,-0.001267395717857167,0.0507284778079842
2023-07-17,sh605488,0.7954225475102951,0.8035390962190212,0.7893351359787506,0.7959297955207557,31305985.6834507,15.6899995803833,0.0,-0.00444166544936031,0.0507284778079842
2023-07-18,sh605488,0.7974516846874767,0.8015099590418397,0.7862914060237551,0.7999881182535652,43894910.63438797,15.770000457763672,0.0,0.005098845093685966,0.0507284778079842
2023-07-19,sh605488,0.7954225475102951,0.8202794900253803,0.7903496803781183,0.7939006583435742,49776399.94556618,15.649999618530272,0.0,-0.007609437904253391,0.0507284778079842
2023-07-20,sh605488,0.7954225475102951,0.8075973705733842,0.7918715211663927,0.7954225475102951,37609151.35718346,15.68000030517578,0.0,0.0019169768291869005,0.0507284778079842
2023-07-21,sh605488,0.7893351359787506,0.7974516846874767,0.782740428058299,0.7898423839892114,25113704.472312927,15.56999969482422,0.0,-0.007015344911393218,0.0507284778079842
2023-07-24,sh605488,0.7842622688465737,0.8096265077505658,0.7842622688465737,0.7939006583435742,56590757.77645683,15.649999618530272,0.0,0.005138081263588168,0.0507284778079842
2023-07-25,sh605488,0.7949152511213881,0.8096265077505658,0.7949152511213881,0.8065827777955702,69399224.1069355,15.899999618530272,0.0,0.01597444128394665,0.0507284778079842
2023-07-26,sh605488,0.8050609370072958,0.8116556449277472,0.7933934103331136,0.7939006583435742,47368856.78091049,15.649999618530272,0.0,-0.01572327081748126,0.0507284778079842
2023-07-27,sh605488,0.7999881182535652,0.8177431048377382,0.7954225475102951,0.8091192113616588,97102479.96490669,15.949999809265137,0.0,0.019169341728267675,0.0507284778079842
2023-07-28,sh605488,0.8004953662640257,0.8162212156710172,0.7416503397473155,0.8131775340944682,167858949.60679817,16.030000686645508,0.0,0.005015729049344442,0.0507284778079842
2023-07-31,sh605488,0.8167285120599242,0.8502092996726424,0.7944079547324813,0.8497020032837355,167875626.62997246,16.75,0.0,0.04491573814805383,0.0507284778079842
2023-08-01,sh605488,0.8456437289293725,0.8568039592146475,0.8289033351230133,0.8466583217071864,189912558.3161831,16.690000534057617,0.0,-0.0035820576682019656,0.0507284778079842
2023-08-02,sh605488,0.8471656180960934,0.8593404411591824,0.7771602645372152,0.7781748573150291,229359986.7916546,15.34000015258789,0.0,-0.08088677880596318,0.0507284778079842
2023-08-03,sh605488,0.7761457201378477,0.7776675609261222,0.7289682202953195,0.736070224604678,90670826.3041172,14.510000228881836,0.0,-0.05410690452737921,0.0507284778079842
2023-08-04,sh605488,0.7411430433584085,0.753317914799944,0.7335337910385894,0.7375920653929525,46498063.847457886,14.539999961853027,0.0,0.002067521192141486,0.0507284778079842
2023-08-07,sh605488,0.7320119502503148,0.740635795347948,0.7304900610835939,0.7309973574725009,32741491.00800705,14.40999984741211,0.0,-0.00894086071402922,0.0507284778079842
2023-08-08,sh605488,0.7315046538614078,0.7396212025701341,0.7299828130731334,0.7365775209935849,23067831.927253723,14.520000457763672,0.0,0.0076336302232034026,0.0507284778079842
2023-08-09,sh605488,0.7391139061812271,0.7594053263314885,0.7345483354379571,0.7583907335536746,42484144.865486145,14.949999809265137,0.0,0.029614279472804705,0.0507284778079842
2023-08-10,sh605488,0.7578834371647676,0.7807112908811176,0.748752344056674,0.7761457201378477,63618822.00005722,15.300000190734863,0.0,0.023411397052514715,0.0507284778079842
2023-08-11,sh605488,0.7761457201378477,0.7796966981033037,0.7538251628104046,0.7675218750402146,69309885.7274723,15.130000114440918,0.0,-0.011111115959128615,0.0507284778079842
2023-08-14,sh605488,0.7594053263314885,0.760927167119763,0.7386066581707664,0.7507814812338555,29875428.270025253,14.800000190734863,0.0,-0.021810966372107554,0.0507284778079842
2023-08-15,sh605488,0.7543324591993116,0.7578834371647676,0.7416503397473155,0.7553470519771255,20239814.88043785,14.890000343322754,0.0,0.006081091312703624,0.0507284778079842
2023-08-16,sh605488,0.7507814812338555,0.7710728530056706,0.7507814812338555,0.7543324591993116,40651919.57475662,14.869999885559082,0.0,-0.0013432140565826645,0.0507284778079842
2023-08-17,sh605488,0.7578834371647676,0.7624490079080376,0.7457086141016785,0.7583907335536746,26353540.610074997,14.949999809265137,0.0,0.00537995456097784,0.0507284778079842
2023-08-18,sh605488,0.7578834371647676,0.7741165829606661,0.7578834371647676,0.7654927378630331,37095140.27057648,15.09000015258789,0.0,0.009364571579191017,0.0507284778079842
2023-08-21,sh605488,0.760927167119763,0.7796966981033037,0.7578834371647676,0.7690437158284891,27902512.773155212,15.15999984741211,0.0,0.004638813394061803,0.0507284778079842
2023-08-22,sh605488,0.7812185388915781,0.7812185388915781,0.755854299987586,0.7720874457834845,44523906.44460678,15.220000267028809,0.0,0.003957811360198793,0.0507284778079842
2023-08-23,sh605488,0.7817258352804851,0.7817258352804851,0.7639708970747585,0.7649854414741262,29544746.161575317,15.079999923706056,0.0,-0.009198445523423304,0.0507284778079842
2023-08-24,sh605488,0.7670145786513076,0.7761457201378477,0.7523033220221301,0.7660000342519402,52721471.559295654,15.100000381469728,0.0,0.0013262903093407274,0.0507284778079842
2023-08-25,sh605488,0.755854299987586,0.7705655566167636,0.7538251628104046,0.7670145786513076,33388248.04503441,15.119999885559082,0.0,0.0013244704360335646,0.0507284778079842
2023-08-28,sh605488,0.7939006583435742,0.7939006583435742,0.7670145786513076,0.7741165829606661,66581142.30796814,15.260000228881836,0.0,0.009259282035872562,0.0507284778079842
2023-08-29,sh605488,0.7736092865717591,0.7791894017143967,0.7568688927653999,0.770058308606303,55001551.80214882,15.18000030517578,0.0,-0.00524245887982655,0.0507284778079842
2023-08-30,sh605488,0.7660000342519402,0.7837549724576667,0.7660000342519402,0.7786821537039362,46786166.32227135,15.350000381469728,0.0,0.01119895078236488,0.0507284778079842
2023-08-31,sh605488,0.7781748573150291,0.7933934103331136,0.7781748573150291,0.7883205432009367,56139196.81918335,15.539999961853027,0.0,0.012377822518666814,0.0507284778079842
2023-09-01,sh605488,0.7862914060237551,0.8015099590418397,0.7862914060237551,0.7964370919096627,44634613.492061615,15.699999809265137,0.0,0.010296000502243885,0.0507284778079842
2023-09-04,sh605488,0.7974516846874767,0.8065827777955702,0.7893351359787506,0.7944079547324813,28825623.4601593,15.65999984741211,0.0,-0.0025477683018455544,0.0507284778079842
2023-09-05,sh605488,0.7867987024126621,0.8035390962190212,0.7867987024126621,0.7933934103331136,35897588.07455063,15.640000343322754,0.0,-0.0012771075532711507,0.0507284778079842
2023-09-06,sh605488,0.7969443882985697,0.8096265077505658,0.7903496803781183,0.8050609370072958,40271166.97119713,15.869999885559082,0.0,0.014705852761347504,0.0507284778079842
2023-09-07,sh605488,0.8131775340944682,0.8816609017297327,0.7974516846874767,0.8451364325404654,206790356.29074097,16.65999984741211,0.0,0.049779456052289506,0.0507284778079842
2023-09-08,sh605488,0.8289033351230133,0.9156489857313578,0.8121629413166542,0.9156489857313578,360043210.2286606,18.049999237060547,0.0,0.08343333747775228,0.0507284778079842
2023-09-11,sh605488,0.8633987155135454,0.8857191760840957,0.8426000473528233,0.8699933750555505,270626354.13513756,17.149999618530273,0.0,-0.049861476818369055,0.0507284778079842
2023-09-12,sh605488,0.8644133082913594,0.8644133082913594,0.7923788175552997,0.7928861139442067,242891833.78691292,15.630000114440918,0.0,-0.0886297106646593,0.0507284778079842
2023-09-13,sh605488,0.7812185388915781,0.8679642862568154,0.7715801493945776,0.8157139192821103,193433085.79339218,16.079999923706055,0.0,0.028790774534247943,0.0507284778079842
2023-09-14,sh605488,0.7812185388915781,0.7994808218646582,0.7725946937939452,0.7888278395898437,136571395.38512993,15.550000190734863,0.0,-0.03296018255509037,0.0507284778079842
2023-09-15,sh605488,0.7888278395898437,0.7908569767670252,0.7523033220221301,0.755854299987586,111821273.67336845,14.899999618530272,0.0,-0.04180067937181642,0.0507284778079842
2023-09-18,sh605488,0.749259640445581,0.7796966981033037,0.7441867733134039,0.7741165829606661,101556822.17590904,15.260000228881836,0.0,0.024161115407268285,0.0507284778079842
2023-09-19,sh605488,0.7761457201378477,0.782233131669392,0.7578834371647676,0.7634636006858515,73892932.76625824,15.050000190734863,0.0,-0.013761470183304203,0.0507284778079842
2023-09-20,sh605488,0.7670145786513076,0.7670145786513076,0.7497668884560416,0.753317914799944,44670766.75506592,14.850000381469728,0.0,-0.013289023703020209,0.0507284778079842
2023-09-21,sh605488,0.7441867733134039,0.7736092865717591,0.7441867733134039,0.7660000342519402,55871536.511074066,15.100000381469728,0.0,0.01683501640255569,0.0507284778079842
2023-09-22,sh605488,0.7731019901828522,0.7756384237489407,0.7523033220221301,0.7741165829606661,50446950.32416725,15.260000228881836,0.0,0.01059601611722183,0.0507284778079842
2023-09-25,sh605488,0.7751311273600336,0.7832476760687597,0.7639708970747585,0.7802039944922107,51330260.88139725,15.380000114440918,0.0,0.007863688319739603,0.0507284778079842
2023-09-26,sh605488,0.7807112908811176,0.7807112908811176,0.7660000342519402,0.7685364194395821,32299017.648468018,15.149999618530272,0.0,-0.014954518478493939,0.0507284778079842
2023-09-27,sh605488,0.7660000342519402,0.7964370919096627,0.7644781450852192,0.7786821537039362,58338868.57796097,15.350000381469728,0.0,0.013201370823457514,0.0507284778079842
2023-09-28,sh605488,0.7796966981033037,0.7994808218646582,0.7796966981033037,0.7959297955207557,40336810.57305336,15.6899995803833,0.0,0.022149784395055327,0.0507284778079842
2023-10-09,sh605488,0.7908569767670252,0.8182503044697524,0.7903496803781183,0.8081046669622911,55446765.23996353,15.93000030517578,0.0,0.01529641371645063,0.0507284778079842
2023-10-10,sh605488,0.8081046669622911,0.8131775340944682,0.7908569767670252,0.7964370919096627,51392316.75486374,15.699999809265137,0.0,-0.014438197834554578,0.0507284778079842
2023-10-11,sh605488,0.7969443882985697,0.8035390962190212,0.7862914060237551,0.7954225475102951,34679160.0303669,15.68000030517578,0.0,-0.0012738537791290305,0.0507284778079842
2023-10-12,sh605488,0.7954225475102951,0.8050609370072958,0.7873059988015692,0.8050609370072958,29078893.429122925,15.869999885559082,0.0,0.012117319941670202,0.0507284778079842
2023-10-13,sh605488,0.8004953662640257,0.8015099590418397,0.7873059988015692,0.7893351359787506,25621604.59298134,15.5600004196167,0.0,-0.01953367789400351,0.0507284778079842
2023-10-16,sh605488,0.7893351359787506,0.7974516846874767,0.7842622688465737,0.7893351359787506,33509442.29855156,15.5600004196167,0.0,0.0,0.0507284778079842
2023-10-17,sh605488,0.7903496803781183,0.7923788175552997,0.7796966981033037,0.7812185388915781,29411684.806461334,15.399999618530272,0.0,-0.010282827556014174,0.0507284778079842
2023-10-18,sh605488,0.7766530165267546,0.7888278395898437,0.7670145786513076,0.769551012217396,25849878.739976883,15.170000076293944,0.0,-0.01493503558010334,0.0507284778079842
2023-10-19,sh605488,0.7654927378630331,0.7903496803781183,0.7599125743419491,0.7654927378630331,23329992.366018295,15.09000015258789,0.0,-0.005273561193389065,0.0507284778079842
2023-10-20,sh605488,0.7614344635086701,0.7761457201378477,0.7523033220221301,0.756361596376493,22733286.111307144,14.90999984741211,0.0,-0.011928449526550366,0.0507284778079842
2023-10-23,sh605488,0.756361596376493,0.7578834371647676,0.7294755166842264,0.7340410874274964,27589927.00900078,14.470000267028809,0.0,-0.029510367866279363,0.0507284778079842
2023-10-24,sh605488,0.7441867733134039,0.7690437158284891,0.736070224604678,0.7639708970747585,33435854.44097519,15.0600004196167,0.0,0.04077402499654803,0.0507284778079842
2023-10-25,sh605488,0.7725946937939452,0.7776675609261222,0.7639708970747585,0.7746238793495731,20841212.779966354,15.270000457763672,0.0,0.01394422525204142,0.0507284778079842
2023-10-26,sh605488,0.7639708970747585,0.769551012217396,0.7096913929228719,0.727953675895952,89824989.76704597,14.350000381469728,0.0,-0.06024885715220729,0.0507284778079842
2023-10-27,sh605488,0.7208516715865934,0.7421576361362224,0.7162861008433234,0.7396212025701341,55084444.09818649,14.579999923706056,0.0,0.016027842238480305,0.0507284778079842
2023-10-30,sh605488,0.7396212025701341,0.7467232068794925,0.727953675895952,0.740128498959041,46333698.57650375,14.59000015258789,0.0,0.0006858867581731598,0.0507284778079842
2023-10-31,sh605488,0.7421576361362224,0.7502741848449486,0.735055631826864,0.7426649325251294,33975984.97877121,14.640000343322754,0.0,0.0034270178349513625,0.0507284778079842
2023-11-01,sh605488,0.7426649325251294,0.760927167119763,0.7391139061812271,0.7578834371647676,34022763.43739128,14.9399995803833,0.0,0.020491750684785703,0.0507284778079842
2023-11-02,sh605488,0.755854299987586,0.7685364194395821,0.7396212025701341,0.740128498959041,41656779.21578407,14.59000015258789,0.0,-0.02342700385714669,0.0507284778079842
2023-11-03,sh605488,0.7396212025701341,0.7649854414741262,0.7380993617818594,0.7553470519771255,49176914.186992645,14.890000343322754,0.0,0.02056204164478026,0.0507284778079842
2023-11-06,sh605488,0.7573761891543069,0.7746238793495731,0.7553470519771255,0.7746238793495731,43539252.416763306,15.270000457763672,0.0,0.025520490643327953,0.0507284778079842
2023-11-07,sh605488,0.7761457201378477,0.7771602645372152,0.7639708970747585,0.7731019901828522,37411688.306194305,15.239999771118164,0.0,-0.001964681450304373,0.0507284778079842
2023-11-08,sh605488,0.7756384237489407,0.7756384237489407,0.7644781450852192,0.7705655566167636,32011802.249355316,15.1899995803833,0.0,-0.0032808524596975586,0.0507284778079842
2023-11-09,sh605488,0.7710728530056706,0.7756384237489407,0.7644781450852192,0.7751311273600336,41624844.49055672,15.279999732971191,0.0,0.00592496083437144,0.0507284778079842
2023-11-10,sh605488,0.7685364194395821,0.7796966981033037,0.7644781450852192,0.7741165829606661,28527073.204870224,15.260000228881836,0.0,-0.0013088680915485096,0.0507284778079842
2023-11-13,sh605488,0.7756384237489407,0.7867987024126621,0.7736092865717591,0.7867987024126621,35332717.98110008,15.510000228881836,0.0,0.016382699623217478,0.0507284778079842
2023-11-14,sh605488,0.7832476760687597,0.7908569767670252,0.7807112908811176,0.7857841096348482,29808207.644701004,15.489999771118164,0.0,-0.0012895201462620465,0.0507284778079842
2023-11-15,sh605488,0.7903496803781183,0.7933934103331136,0.7786821537039362,0.7928861139442067,29807517.696933746,15.630000114440918,0.0,0.00903811138743782,0.0507284778079842
2023-11-16,sh605488,0.7862914060237551,0.8131775340944682,0.7852768132459412,0.8015099590418397,68310900.49886322,15.800000190734863,0.0,0.010876524315369451,0.0507284778079842
2023-11-17,sh605488,0.7959297955207557,0.7959297955207557,0.7751311273600336,0.7873059988015692,72066601.60074043,15.520000457763672,0.0,-0.017721501872853374,0.0507284778079842
2023-11-20,sh605488,0.7893351359787506,0.8136848304833751,0.7786821537039362,0.8035390962190212,75390888.22014809,15.84000015258789,0.0,0.020618536429497514,0.0507284778079842
2023-11-21,sh605488,0.8020172554307466,0.8075973705733842,0.7898423839892114,0.7918715211663927,53399788.778476715,15.609999656677246,0.0,-0.0145202331878177,0.0507284778079842
2023-11-22,sh605488,0.7867987024126621,0.7989735254757512,0.7852768132459412,0.7867987024126621,33304567.237262726,15.510000228881836,0.0,-0.006406113388518597,0.0507284778079842
2023-11-23,sh605488,0.7867987024126621,0.7913642731559323,0.7837549724576667,0.7888278395898437,22816572.663211823,15.550000190734863,0.0,0.0025789788048191653,0.0507284778079842
2023-11-24,sh605488,0.7852768132459412,0.7883205432009367,0.7731019901828522,0.7751311273600336,23630415.336675644,15.279999732971191,0.0,-0.01736337327664772,0.0507284778079842
2023-11-27,sh605488,0.7746238793495731,0.7852768132459412,0.7746238793495731,0.7807112908811176,26493994.262695312,15.390000343322754,0.0,0.007198992949862593,0.0507284778079842
2023-11-28,sh605488,0.7791894017143967,0.8070900741844773,0.7791894017143967,0.7984662290868443,42373772.935518265,15.739999771118164,0.0,0.022742002598282296,0.0507284778079842
2023-11-29,sh605488,0.7979589326979373,0.7999881182535652,0.7817258352804851,0.7888278395898437,26466297.788038254,15.550000190734863,0.0,-0.012071129805982461,0.0507284778079842
2023-11-30,sh605488,0.782740428058299,0.7923788175552997,0.7736092865717591,0.7837549724576667,24939265.963956833,15.449999809265137,0.0,-0.006430892620137074,0.0507284778079842
2023-12-01,sh605488,0.7807112908811176,0.7852768132459412,0.7710728530056706,0.7715801493945776,26971043.86177063,15.210000038146973,0.0,-0.01553396595993739,0.0507284778079842
2023-12-04,sh605488,0.7756384237489407,0.7842622688465737,0.7720874457834845,0.7807112908811176,34483195.15167236,15.390000343322754,0.0,0.011834339561100471,0.0507284778079842
2023-12-05,sh605488,0.7807112908811176,0.7842622688465737,0.7629563042969446,0.7629563042969446,26326336.955251694,15.039999961853027,0.0,-0.022742064565422937,0.0507284778079842
2023-12-06,sh605488,0.7705655566167636,0.7842622688465737,0.7639708970747585,0.7756384237489407,33338374.677858353,15.289999961853027,0.0,0.016622340467692176,0.0507284778079842
2023-12-07,sh605488,0.7725946937939452,0.7746238793495731,0.7543324591993116,0.7568688927653999,39495862.80873299,14.920000076293944,0.0,-0.024198815335657042,0.0507284778079842
2023-12-08,sh605488,0.7568688927653999,0.7639708970747585,0.74317218053559,0.7446940697023109,31814082.932052612,14.68000030517578,0.0,-0.016085775461857743,0.0507284778079842
2023-12-11,sh605488,0.740635795347948,0.7675218750402146,0.7340410874274964,0.755854299987586,54355662.12802887,14.899999618530272,0.0,0.014986328936037241,0.0507284778079842
2023-12-12,sh605488,0.7594053263314885,0.7736092865717591,0.7457086141016785,0.7710728530056706,43807543.534259796,15.199999809265137,0.0,0.020134241504393913,0.0507284778079842
2023-12-13,sh605488,0.7710728530056706,0.8481801141170145,0.7649854414741262,0.8481801141170145,102208941.09272766,16.719999313354492,0.0,0.09999996862913396,0.0507284778079842
2023-12-14,sh605488,0.9232583348080696,0.9328966759266241,0.9207218528635349,0.9328966759266241,94092080.15401459,18.38999938964844,0.0,0.0998803914399744,0.0507284778079842
2023-12-15,sh605488,1.0262370828338663,1.0262370828338663,0.9521735516775178,1.0262370828338663,612306742.5277882,20.229999542236328,0.0,0.10005438899707664,0.0507284778079842
2023-12-18,sh605488,0.9577536184417089,1.0439920694180391,0.9237655344400838,0.9237655344400838,530631021.531723,18.209999084472656,0.0,-0.09985173027544081,0.0507284778079842
2023-12-19,sh605488,0.9090543261893527,0.9399987286144287,0.8568039592146475,0.9247801272178978,408951202.48876953,18.229999542236328,0.0,0.0010983228319174643,0.0507284778079842
2023-12-20,sh605488,0.9318821799057027,1.00442382189533,0.9105762153560736,0.9115907113769948,388501682.91267204,17.969999313354492,0.0,-0.014262218069696186,0.0507284778079842
2023-12-21,sh605488,0.9384768394477078,0.9567391224207876,0.8770954277433555,0.9252874236068047,330963469.1494236,18.239999771118164,0.0,0.015025067784116164,0.0507284778079842
2023-12-22,sh605488,0.9131126005437157,0.9313748835167955,0.8375271802206463,0.8476728177281075,331431470.57635117,16.709999084472656,0.0,-0.08388161764498281,0.0507284778079842
2023-12-25,sh605488,0.8542675740270055,0.8679642862568154,0.7989735254757512,0.8502092996726424,220924468.5484352,16.760000228881836,0.0,0.002992288877839755,0.0507284778079842
2023-12-26,sh605488,0.8674569898679084,0.9141271933215296,0.8598477375480894,0.8765881313544485,257295281.9401512,17.280000686645508,0.0,0.031026279872453433,0.0507284778079842
2023-12-27,sh605488,0.8892702508064445,0.8928212287719005,0.8532529812491915,0.8628914191246384,182472201.01966286,17.010000228881836,0.0,-0.01562502587007053,0.0507284778079842
2023-12-28,sh605488,0.8608622335690106,0.8674569898679084,0.8354979946650184,0.8375271802206463,147000626.12220383,16.510000228881836,0.0,-0.02939447344339441,0.0507284778079842
2023-12-29,sh605488,0.8400635654082884,0.8578185519924615,0.8268741495673854,0.8420927509639163,156075706.23287773,16.600000381469727,0.0,0.005451250838291788,0.0507284778079842
2024-01-02,sh605488,0.8441218397626514,0.8669496934790015,0.8441218397626514,0.8608622335690106,156458390.69018555,16.969999313354492,0.0,0.02228909177000915,0.0507284778079842
2024-01-03,sh605488,0.8872410652508166,0.9471006845453408,0.8674569898679084,0.9471006845453408,193564491.27386475,18.670000076293945,0.0,0.10017683156897017,0.0507284778079842
2024-01-04,sh605488,1.0064530074509581,1.0145695561596841,0.9273166091624326,0.9293456979611677,652050119.1698265,18.31999969482422,0.0,-0.018746672739125225,0.0507284778079842
2024-01-05,sh605488,0.9014450738695335,0.9192000604537066,0.8365125874428324,0.8365125874428324,406842702.3992367,16.489999771118164,0.0,-0.0998908271937945,0.0507284778079842
2024-01-08,sh605488,0.8070900741844773,0.9202145564746279,0.8070900741844773,0.9202145564746279,402727755.35134506,18.13999938964844,0.0,0.10006062106927449,0.0507284778079842
2024-01-09,sh605488,0.9131126005437157,0.9166635785091717,0.8654278043122805,0.8776026273753696,378093209.7469959,17.299999237060547,0.0,-0.046306514931154785,0.0507284778079842
2024-01-10,sh605488,0.8776026273753696,0.8826754945075466,0.8319470166995624,0.8537602776380985,229752310.80491066,16.829999923706055,0.0,-0.02716759156541737,0.0507284778079842
2024-01-11,sh605488,0.8522383884713776,0.9029668662793617,0.8375271802206463,0.8892702508064445,284705309.9970379,17.530000686645508,0.0,0.041592440054230906,0.0507284778079842
2024-01-12,sh605488,0.8826754945075466,0.8918066359940866,0.8557894631937264,0.8603549371801036,176385895.78557587,16.959999084472656,0.0,-0.03251577751546142,0.0507284778079842
2024-01-15,sh605488,,,,,,,,,0.0507284778079842
2024-01-16,sh605488,0.8776026273753696,0.8801391093199045,0.8451364325404654,0.8573112556035545,116002968.23954391,16.899999618530273,0.0,-0.0035377045507811733,0.0507284778079842
2024-01-17,sh605488,0.8568039592146475,0.8568039592146475,0.8111483485388403,0.8111483485388403,152758476.79348946,15.989999771118164,0.0,-0.0538461460327091,0.0507284778079842
2024-01-18,sh605488,0.7928861139442067,0.8410781581861024,0.7928861139442067,0.8263669499353712,180544723.51146507,16.290000915527344,0.0,0.01876179791766197,0.0507284778079842
2024-01-19,sh605488,0.8309324239217485,0.8309324239217485,0.8025245034412074,0.8030317998301143,101105714.61288261,15.829999923706056,0.0,-0.028238242232560107,0.0507284778079842
2024-01-22,sh605488,0.7969443882985697,0.8025245034412074,0.7304900610835939,0.7391139061812271,134275111.22614288,14.56999969482422,0.0,-0.07959571920116915,0.0507284778079842
2024-01-23,sh605488,0.7335337910385894,0.74317218053559,0.7132424192667743,0.7162861008433234,98329837.90447807,14.119999885559082,0.0,-0.030885368475676356,0.0507284778079842
2024-01-24,sh605488,0.7188225344094118,0.7238954015415888,0.6812834724423307,0.7041112777802343,98286331.76955414,13.880000114440918,0.0,-0.016997151066808325,0.0507284778079842
2024-01-25,sh605488,0.7081695521345973,0.7238954015415888,0.6959947290715083,0.7152715564439559,91005155.27933693,14.100000381469728,0.0,0.015850163199921052,0.0507284778079842
2024-01-26,sh605488,0.7117205301000534,0.7238954015415888,0.6949801362936944,0.7020821406030529,90921494.1843586,13.84000015258789,0.0,-0.018439732045931745,0.0507284778079842
2024-01-29,sh605488,0.7041112777802343,0.7056331185685089,0.6599775078927016,0.6599775078927016,82348873.46338844,13.010000228881836,0.0,-0.059971092092138134,0.0507284778079842
2024-01-30,sh605488,0.6599775078927016,0.6746887645218792,0.6437443620968032,0.6462807956628916,86827009.01596451,12.739999771118164,0.0,-0.020753301538325775,0.0507284778079842
2024-01-31,sh605488,0.6462807956628916,0.6483099328400731,0.6001178885981775,0.6036688665636334,103245321.49032211,11.899999618530272,0.0,-0.06593407909568327,0.0507284778079842
2024-02-01,sh605488,0.6036688665636334,0.610770870872992,0.5798265168263622,0.5960596142438144,79314069.21432877,11.75,0.0,-0.012605010364596714,0.0507284778079842
2024-02-02,sh605488,0.602654322164266,0.6138146008279876,0.5453311364358302,0.5651152601971847,81124196.46371269,11.140000343322754,0.0,-0.051914864398063476,0.0507284778079842
2024-02-05,sh605488,0.5564914150995517,0.5635933710304638,0.5088066188681166,0.5088066188681166,68699715.63490295,10.029999732971191,0.0,-0.09964098529107224,0.0507284778079842
2024-02-06,sh605488,0.49460265862784597,0.5017046629372045,0.4580781410601324,0.486993406308027,181028534.59865952,9.600000381469728,0.0,-0.04287132232795032,0.0507284778079842
2024-02-07,sh605488,0.481413242786943,0.4819205391758499,0.43829406567722423,0.4388013136876848,228835665.91412544,8.649999618530273,0.0,-0.09895840887393936,0.0507284778079842
2024-02-08,sh605488,0.44641061438595026,0.4758331276443054,0.41495896395041365,0.47481853486649145,246456360.2188797,9.359999656677246,0.0,0.08208093288536,0.0507284778079842
2024-02-19,sh605488,0.4783695612103938,0.5103285080348375,0.4783695612103938,0.502719207336572,190740653.33923912,9.90999984741211,0.0,0.05876070629366992,0.0507284778079842
2024-02-20,sh605488,0.5047483445137536,0.5250397646640151,0.4930808178395715,0.5240251718862012,132611568.30811119,10.329999923706056,0.0,0.042381441247310025,0.0507284778079842
2024-02-21,sh605488,0.514894030399661,0.5671443973743662,0.514894030399661,0.5387364285153787,140514387.73662758,10.619999885559082,0.0,0.028073568634546797,0.0507284778079842
2024-02-22,sh605488,0.5402582693036532,0.5646079638082777,0.5392437249042856,0.5630861230200033,125747455.38680458,11.100000381469728,0.0,0.04519778729596258,0.0507284778079842
2024-02-23,sh605488,0.5757682424719994,0.5996105922092705,0.5610569858428217,0.5996105922092705,139511933.05638885,11.81999969482422,0.0,0.06486480077572376,0.0507284778079842
2024-02-26,sh605488,0.605698003740815,0.6244675831028019,0.5783046276596413,0.6097563264736244,146138585.66899872,12.020000457763672,0.0,0.016920538756615144,0.0507284778079842
2024-02-27,sh605488,0.5996105922092705,0.6330913798219886,0.5996105922092705,0.6330913798219886,106788932.64854431,12.479999542236328,0.0,0.03826947312431628,0.0507284778079842
2024-02-28,sh605488,0.631062242644807,0.6523682071944362,0.5696807825620084,0.5696807825620084,176953900.2131691,11.229999542236328,0.0,-0.10016026008411283,0.0507284778079842
2024-02-29,sh605488,0.5580132558878262,0.5960596142438144,0.5554768223217378,0.5950450214660005,141198500.5170536,11.729999542236328,0.0,0.0445235993215749,0.0507284778079842
2024-03-01,sh605488,0.606712596518629,0.6543973443716176,0.5955523178549075,0.6412079769091611,249257922.69701958,12.640000343322754,0.0,0.077578928951342,0.0507284778079842
2024-03-04,sh605488,0.6457734992739846,0.6584556187259807,0.6092490300847174,0.6543973443716176,255703848.42019463,12.899999618530272,0.0,0.020569562353284665,0.0507284778079842
2024-03-05,sh605488,0.6341059725998025,0.6949801362936944,0.6224384459256205,0.6746887645218792,323316324.65065956,13.300000190734863,0.0,0.031007797211870303,0.0507284778079842
2024-03-06,sh605488,0.6787470388762422,0.7411430433584085,0.6726596273446976,0.7152715564439559,338290083.62831306,14.100000381469728,0.0,0.060150389418202055,0.0507284778079842
2024-03-07,sh605488,0.6949801362936944,0.7076622557456904,0.6594702115037947,0.6655576230353392,247264348.1927185,13.119999885559082,0.0,-0.06950357938986773,0.0507284778079842
2024-03-08,sh605488,0.6543973443716176,0.6757033089212469,0.6467880920517987,0.6680940566014276,120457645.56803322,13.170000076293944,0.0,0.0038109901807159563,0.0507284778079842
2024-03-11,sh605488,0.6559192335383385,0.6630211894692508,0.6290331054676255,0.6549046407605247,147626428.4598999,12.90999984741211,0.0,-0.01974185477415724,0.0507284778079842
2024-03-12,sh605488,0.6543973443716176,0.6630211894692508,0.6386715433430725,0.6604848042816086,141993497.76007462,13.020000457763672,0.0,0.008520574101603229,0.0507284778079842
2024-03-13,sh605488,0.6589629151148877,0.6620066450698832,0.6467880920517987,0.6508463664061617,111984850.43258858,12.829999923706056,0.0,-0.014592974452955598,0.0507284778079842
2024-03-14,sh605488,0.6518609591839757,0.6584556187259807,0.631569539033714,0.6432371140863424,102613073.06920052,12.68000030517578,0.0,-0.011691318739068923,0.0507284778079842
2024-03-15,sh605488,0.6472953884407056,0.6533827999722501,0.6381642469541656,0.6513536627950686,84496148.61744118,12.84000015258789,0.0,0.012618284192532858,0.0507284778079842
2024-03-18,sh605488,0.6533827999722501,0.6751960609107862,0.6533827999722501,0.6731669237336046,146189661.51656914,13.270000457763672,0.0,0.033489119942815115,0.0507284778079842
2024-03-19,sh605488,0.6736741717440653,0.6888927247621499,0.6721523309557907,0.6822980168416982,154708840.85476685,13.449999809265137,0.0,0.013564381710036377,0.0507284778079842
2024-03-20,sh605488,0.6746887645218792,0.7127351228778673,0.6711377381779767,0.7127351228778673,204255764.17294312,14.050000190734863,0.0,0.0446096944221821,0.0507284778079842
2024-03-21,sh605488,0.713749667277235,0.7198370788087795,0.6878781803627823,0.6899073175399638,178315423.42428207,13.600000381469728,0.0,-0.03202845574065427,0.0507284778079842
2024-03-22,sh605488,0.6868635875849682,0.7330264946496825,0.6757033089212469,0.6944728399047874,186335494.54764557,13.6899995803833,0.0,0.006617587969791394,0.0507284778079842
2024-03-25,sh605488,0.6899073175399638,0.6995457070369643,0.6604848042816086,0.6614993486809762,135785604.01660347,13.039999961853027,0.0,-0.047479885935253985,0.0507284778079842
2024-03-26,sh605488,0.6594702115037947,0.6736741717440653,0.6391788397319796,0.6528755035833431,104645580.34036827,12.869999885559082,0.0,-0.013036815704851268,0.0507284778079842
2024-03-27,sh605488,0.6513536627950686,0.6848344504077868,0.6351205653776165,0.6401933841313471,125345590.381567,12.619999885559082,0.0,-0.019425019597748006,0.0507284778079842
2024-03-28,sh605488,0.6361351097769841,0.6650503266464323,0.6346132689887095,0.6564264815487992,96490673.71048927,12.9399995803833,0.0,0.02535655291014627,0.0507284778079842
2024-03-29,sh605488,0.6579483707155201,0.6822980168416982,0.6493245256178871,0.6767179016990608,59118667.25730896,13.34000015258789,0.0,0.030911946304154503,0.0507284778079842
2024-04-01,sh605488,0.6716450345668837,0.6949801362936944,0.6660649194242462,0.6939655918943267,127838095.68556213,13.68000030517578,0.0,0.02548726751865371,0.0507284778079842
2024-04-02,sh605488,0.7634636006858515,0.7634636006858515,0.7634636006858515,0.7634636006858515,68551298.01376915,15.050000190734863,0.0,0.10014618823076704,0.0507284778079842
2024-04-03,sh605488,0.8400635654082884,0.8400635654082884,0.8400635654082884,0.8400635654082884,31656479.149217606,16.559999465942383,0.0,0.10033217648310133,0.0507284778079842
2024-04-08,sh605488,0.9242728308289906,0.9242728308289906,0.7893351359787506,0.8015099590418397,673517075.1491089,15.800000190734863,0.0,-0.045893677519165954,0.0507284778079842
2024-04-09,sh605488,0.7213589679755004,0.7964370919096627,0.7213589679755004,0.7457086141016785,505177626.2043991,14.699999809265137,0.0,-0.06962027646776658,0.0507284778079842
2024-04-10,sh605488,0.7274463795070449,0.8202794900253803,0.7112132820895928,0.7746238793495731,546741814.4298172,15.270000457763672,0.0,0.038775554822747305,0.0507284778079842
2024-04-11,sh605488,0.7538251628104046,0.8045536406183887,0.7472304548899531,0.7812185388915781,394400223.7900982,15.399999618530272,0.0,0.008513369801538273,0.0507284778079842
2024-04-12,sh605488,0.7670145786513076,0.8015099590418397,0.7457086141016785,0.7512887776227625,355742391.25226974,14.8100004196167,0.0,-0.03831163724209752,0.0507284778079842
2024-04-15,sh605488,0.7512887776227625,0.8167285120599242,0.736070224604678,0.7893351359787506,379096019.25751495,15.5600004196167,0.0,0.050641457039162674,0.0507284778079842
2024-04-16,sh605488,0.7741165829606661,0.7761457201378477,0.7101986893117789,0.7183152380205049,307406937.3622246,14.15999984741211,0.0,-0.08997432740680333,0.0507284778079842
2024-04-17,sh605488,0.7416503397473155,0.7472304548899531,0.7152715564439559,0.735055631826864,314814689.69854355,14.489999771118164,0.0,0.023305079608907375,0.0507284778079842
2024-04-18,sh605488,0.7101986893117789,0.7299828130731334,0.6660649194242462,0.6924437027276057,292569098.09472084,13.649999618530272,0.0,-0.05797102593902048,0.0507284778079842
2024-04-19,sh605488,0.6797615832756096,0.6914291583282383,0.6483099328400731,0.6564264815487992,238808072.37810135,12.9399995803833,0.0,-0.05201465626292945,0.0507284778079842
2024-04-22,sh605488,0.6493245256178871,0.6498318220067941,0.6117854636508059,0.6204092603699926,173785502.36357498,12.229999542236328,0.0,-0.05486862914766355,0.0507284778079842
2024-04-23,sh605488,0.619902012359532,0.6391788397319796,0.619902012359532,0.6346132689887095,128441425.43883896,12.510000228881836,0.0,0.02289457866932243,0.0507284778079842
2024-04-24,sh605488,0.6412079769091611,0.6660649194242462,0.6264967202799836,0.6599775078927016,137315592.75968742,13.010000228881836,0.0,0.03996802484828499,0.0507284778079842
2024-04-25,sh605488,0.6543973443716176,0.6741814681329722,0.6493245256178871,0.6660649194242462,118844587.11377144,13.130000114440918,0.0,0.009223665138197834,0.0507284778079842
2024-04-26,sh605488,0.6620066450698832,0.6762106053101539,0.6523682071944362,0.6731669237336046,121557796.85211563,13.270000457763672,0.0,0.010662630777038329,0.0507284778079842
2024-04-29,sh605488,0.6772251980879678,0.713749667277235,0.6741814681329722,0.7056331185685089,143661574.62057686,13.90999984741211,0.0,0.04822904051024368,0.0507284778079842
2024-04-30,sh605488,0.7056331185685089,0.7091840965339649,0.6822980168416982,0.6894000211510568,112505544.15614128,13.59000015258789,0.0,-0.02300501066387528,0.0507284778079842
2024-05-06,sh605488,0.6985311626375967,0.7228808087637749,0.6985311626375967,0.7193298307983188,128313430.27161598,14.18000030517578,0.0,0.04341428594285457,0.0507284778079842
2024-05-07,sh605488,0.7188225344094118,0.7274463795070449,0.7046185741691413,0.7127351228778673,98184160.36161995,14.050000190734863,0.0,-0.009167849904309633,0.0507284778079842
2024-05-08,sh605488,0.7117205301000534,0.7294755166842264,0.7096913929228719,0.7101986893117789,118333710.36130714,14.0,0.0,-0.0035587323883337074,0.0507284778079842
2024-05-09,sh605488,0.7122278264889603,0.7233881051526819,0.7117205301000534,0.7157788044544164,89306050.48210144,14.109999656677246,0.0,0.007857118334088975,0.0507284778079842
2024-05-10,sh605488,0.7096913929228719,0.7198370788087795,0.6949801362936944,0.6959947290715083,83006235.98323822,13.720000267028809,0.0,-0.02763992906717605,0.0507284778079842
2024-05-13,sh605488,0.6959947290715083,0.7091840965339649,0.6792543352651492,0.6990384106480574,98070161.27767563,13.779999732971191,0.0,0.0043731388319701026,0.0507284778079842
2024-05-14,sh605488,0.7066477113463228,0.7309973574725009,0.7041112777802343,0.727953675895952,99694653.15208054,14.350000381469728,0.0,0.04136434394368704,0.0507284778079842
2024-05-15,sh605488,0.7228808087637749,0.7233881051526819,0.7061404149574158,0.7071549593567834,75374625.16563416,13.9399995803833,0.0,-0.028571483636743666,0.0507284778079842
2024-05-16,sh605488,0.713749667277235,0.7183152380205049,0.7056331185685089,0.7096913929228719,54931571.38575554,13.989999771118164,0.0,0.003586814364415325,0.0507284778079842
2024-05-17,sh605488,0.7147642600550489,0.727953675895952,0.7101986893117789,0.7183152380205049,64541735.55912781,14.15999984741211,0.0,0.0121515424642753,0.0507284778079842
2024-05-20,sh605488,0.7249099459409565,0.7249099459409565,0.7117205301000534,0.714256963666142,73319408.75652695,14.079999923706056,0.0,-0.0056497121870148215,0.0507284778079842
2024-05-21,sh605488,0.7127351228778673,0.7244026495520495,0.7081695521345973,0.7213589679755004,68915925.55236816,14.220000267028809,0.0,0.00994320625577827,0.0507284778079842
2024-05-22,sh605488,0.7152715564439559,0.727953675895952,0.7152715564439559,0.7193298307983188,52710038.13915253,14.18000030517578,0.0,-0.002812936786349751,0.0507284778079842
2024-05-23,sh605488,0.7193298307983188,0.7193298307983188,0.701574844214146,0.7046185741691413,43961500.45032501,13.890000343322754,0.0,-0.020451336785033303,0.0507284778079842
2024-05-24,sh605488,0.701067547825239,0.7091840965339649,0.6807761760534237,0.6838198576299728,81908529.08553123,13.479999542236328,0.0,-0.029517695532925048,0.0507284778079842
2024-05-27,sh605488,0.6802688796645168,0.6894000211510568,0.6660649194242462,0.6848344504077868,55221448.01197052,13.5,0.0,0.0014837135343368502,0.0507284778079842
2024-05-28,sh605488,0.6868635875849682,0.6888927247621499,0.6686013529903345,0.6716450345668837,39934866.71664238,13.239999771118164,0.0,-0.019259276213469345,0.0507284778079842
2024-05-29,sh605488,0.6736741717440653,0.7330264946496825,0.6655576230353392,0.6980238662486898,145121129.55302048,13.760000228881836,0.0,0.03927495972454653,0.0507284778079842
2024-05-30,sh605488,0.6975165698597828,0.6975165698597828,0.6772251980879678,0.6833126096195122,97504009.85265732,13.470000267028809,0.0,-0.02107557827247164,0.0507284778079842
2024-05-31,sh605488,0.6848344504077868,0.7325191982607755,0.6797615832756096,0.7203443751976865,171251462.20399094,14.199999809265137,0.0,0.05419447125202992,0.0507284778079842
2024-06-03,sh605488,0.7091840965339649,0.7862914060237551,0.7020821406030529,0.7690437158284891,320809172.7412052,15.15999984741211,0.0,0.06760563739730463,0.0507284778079842
2024-06-04,sh605488,0.755854299987586,0.755854299987586,0.7193298307983188,0.735055631826864,236710118.63301086,14.489999771118164,0.0,-0.044195256137045225,0.0507284778079842
2024-06-05,sh605488,0.7254172423298634,0.727953675895952,0.6822980168416982,0.6883854283732429,182952838.3471279,13.56999969482422,0.0,-0.06349206976025712,0.0507284778079842
2024-06-06,sh605488,0.6817907204527913,0.6985311626375967,0.6204092603699926,0.631569539033714,177243540.28586388,12.449999809265137,0.0,-0.0825349971073519,0.0507284778079842
2024-06-07,sh605488,0.6361351097769841,0.6635284858581578,0.6325841318115281,0.6503390700172548,119094959.30211258,12.81999969482422,0.0,0.029718866765261698,0.0507284778079842
2024-06-11,sh605488,0.6412079769091611,0.6559192335383385,0.6214238531478065,0.6528755035833431,90325438.451828,12.869999885559082,0.0,0.0039001709769967974,0.0507284778079842
2024-06-12,sh605488,0.6645430786359717,0.6924437027276057,0.6645430786359717,0.6787470388762422,117931884.78165627,13.380000114440918,0.0,0.03962705776354247,0.0507284778079842
2024-06-13,sh605488,0.6787470388762422,0.7203443751976865,0.6787470388762422,0.6838198576299728,136110845.39408875,13.479999542236328,0.0,0.0074737987249702265,0.0507284778079842
2024-06-14,sh605488,0.6792543352651492,0.6899073175399638,0.6696158973897022,0.6721523309557907,70805692.48688698,13.25,0.0,-0.017062281160743376,0.0507284778079842
2024-06-17,sh605488,0.6746887645218792,0.6817907204527913,0.6620066450698832,0.6746887645218792,62154437.4332428,13.300000190734863,0.0,0.00377359930074439,0.0507284778079842
2024-06-18,sh605488,0.6741814681329722,0.6878781803627823,0.6706304901675162,0.6853417467966937,60659024.92969513,13.510000228881836,0.0,0.01578947632596761,0.0507284778079842
2024-06-19,sh605488,0.6757033089212469,0.6777324460984283,0.6660649194242462,0.6670794638236136,46672995.175647736,13.149999618530272,0.0,-0.026646972927650392,0.0507284778079842
2024-06-20,sh605488,0.6736741717440653,0.6762106053101539,0.6533827999722501,0.6543973443716176,54649777.00481415,12.899999618530272,0.0,-0.019011407395610358,0.0507284778079842
2024-06-21,sh605488,0.6493245256178871,0.6584556187259807,0.637149702554798,0.6437443620968032,41207623.21929932,12.6899995803833,0.0,-0.016279073205964667,0.0507284778079842
2024-06-24,sh605488,0.637149702554798,0.6442516584857101,0.6077271409179965,0.6117854636508059,59582804.97673988,12.0600004196167,0.0,-0.04964532557908663,0.0507284778079842
2024-06-25,sh605488,0.614321848838448,0.623452990324988,0.606205300129722,0.6087417336958104,46411800.663757324,12.0,0.0,-0.004975158999091178,0.0507284778079842
2024-06-26,sh605488,0.605698003740815,0.6472953884407056,0.5985960478099029,0.6442516584857101,60594169.83957291,12.699999809265137,0.0,0.05833331743876147,0.0507284778079842
2024-06-27,sh605488,0.6569337779377061,0.6569337779377061,0.632076835422621,0.6341059725998025,56501793.94006729,12.5,0.0,-0.015748016714081325,0.0507284778079842
2024-06-28,sh605488,0.6391788397319796,0.6686013529903345,0.628525857457165,0.6594702115037947,93278966.85390472,13.0,0.0,0.040000000000000036,0.0507284778079842
2024-07-01,sh605488,0.6549046407605247,0.6569337779377061,0.6244675831028019,0.6427298176974355,98202138.42915535,12.670000076293944,0.0,-0.02538460951585053,0.0507284778079842
2024-07-02,sh605488,0.6381642469541656,0.6503390700172548,0.6351205653776165,0.6457734992739846,64805611.01091385,12.729999542236328,0.0,0.004735553715950358,0.0507284778079842
2024-07-03,sh605488,0.6691086010007953,0.6741814681329722,0.6493245256178871,0.6513536627950686,129964455.56587029,12.84000015258789,0.0,0.008641053755469308,0.0507284778079842
2024-07-04,sh605488,0.6452662512635241,0.6670794638236136,0.6356278133880771,0.6549046407605247,110451372.52508163,12.90999984741211,0.0,0.005451689563267692,0.0507284778079842
2024-07-05,sh605488,,,,,,,,,0.0507284778079842
2024-07-08,sh605488,0.6305549946343464,0.6376569505652587,0.6204092603699926,0.6254821275021696,57609554.36238289,12.329999923706056,0.0,-0.04492640825416572,0.0507284778079842
2024-07-09,sh605488,0.6214238531478065,0.6498318220067941,0.6168582824045366,0.6493245256178871,89892801.77617073,12.800000190734863,0.0,0.038118432273885894,0.0507284778079842
2024-07-10,sh605488,0.6422225213085286,0.6513536627950686,0.6366424061658911,0.6376569505652587,64762439.99347687,12.56999969482422,0.0,-0.017968788475263175,0.0507284778079842
2024-07-11,sh605488,0.6472953884407056,0.6645430786359717,0.6442516584857101,0.6625139414587902,88639679.21569061,13.0600004196167,0.0,0.038981761073092036,0.0507284778079842
2024-07-12,sh605488,0.6564264815487992,0.6645430786359717,0.6538900963611571,0.6594702115037947,51007838.43336105,13.0,0.0,-0.004594212686745092,0.0507284778079842
2024-07-15,sh605488,0.6625139414587902,0.6625139414587902,0.6356278133880771,0.6381642469541656,44917570.92781067,12.579999923706056,0.0,-0.03230769817645718,0.0507284778079842
2024-07-16,sh605488,0.6341059725998025,0.6427298176974355,0.628018561068258,0.6366424061658911,45332130.97196579,12.550000190734863,0.0,-0.0023847164668626686,0.0507284778079842
2024-07-17,sh605488,0.6366424061658911,0.6412079769091611,0.622945693936081,0.622945693936081,43174959.995651245,12.279999732971191,0.0,-0.02151398037133112,0.0507284778079842
2024-07-18,sh605488,0.618380123192811,0.619394715970625,0.5955523178549075,0.6158437380051689,49129209.22708511,12.140000343322754,0.0,-0.011400602010808392,0.0507284778079842
2024-07-19,sh605488,0.6117854636508059,0.628525857457165,0.6087417336958104,0.622945693936081,39129894.80018616,12.279999732971191,0.0,0.011532074603724407,0.0507284778079842
2024-07-22,sh605488,0.622945693936081,0.6295404018565326,0.6204092603699926,0.6244675831028019,35619046.304512024,12.3100004196167,0.0,0.0024430527115530953,0.0507284778079842
2024-07-23,sh605488,0.6264967202799836,0.6295404018565326,0.6046834593414473,0.606205300129722,32279304.855117798,11.949999809265137,0.0,-0.029244565238022324,0.0507284778079842
2024-07-24,sh605488,0.606712596518629,0.615336441616262,0.5884503619239955,0.5925086362783583,48302553.23794365,11.68000030517578,0.0,-0.022594101121241827,0.0507284778079842
2024-07-25,sh605488,0.5904794991011768,0.5980887514209959,0.5752609460830923,0.5874357691461815,41029715.25931358,11.579999923706056,0.0,-0.008561676271995444,0.0507284778079842
2024-07-26,sh605488,0.5859139283579068,0.6031616185531729,0.5848993355800929,0.602147025775359,32568590.097532272,11.869999885559082,0.0,0.02504317476370188,0.0507284778079842
2024-07-29,sh605488,0.6036688665636334,0.6077271409179965,0.5945377734555398,0.6031616185531729,25060874.18613434,11.890000343322754,0.0,0.0016849585473042161,0.0507284778079842
2024-07-30,sh605488,0.5991033441988098,0.6092490300847174,0.5965669106327214,0.6036688665636334,26529871.546592712,11.899999618530272,0.0,0.0008409819107475514,0.0507284778079842
2024-07-31,sh605488,0.6046834593414473,0.6305549946343464,0.6046834593414473,0.628018561068258,46020206.02385521,12.380000114440918,0.0,0.04033617741997286,0.0507284778079842
2024-08-01,sh605488,0.628018561068258,0.6346132689887095,0.6264967202799836,0.6290331054676255,33980716.04917526,12.399999618530272,0.0,0.001615468812962595,0.0507284778079842
2024-08-02,sh605488,0.6249748311132627,0.6351205653776165,0.619902012359532,0.619902012359532,32947962.80555725,12.220000267028809,0.0,-0.01451607718055703,0.0507284778079842
2024-08-05,sh605488,0.619902012359532,0.627003968290444,0.5945377734555398,0.5945377734555398,40659311.872262955,11.720000267028809,0.0,-0.04091652938413326,0.0507284778079842
2024-08-06,sh605488,0.6006251849870844,0.6128000080501735,0.6006251849870844,0.611278167261899,33128827.684545517,12.050000190734863,0.0,0.028156989435778712,0.0507284778079842
2024-08-07,sh605488,0.610770870872992,0.6178728751823503,0.6041761629525405,0.611278167261899,28807389.12631035,12.050000190734863,0.0,0.0,0.0507284778079842
2024-08-08,sh605488,0.6097563264736244,0.6138146008279876,0.5970742070216284,0.602147025775359,29693380.623435974,11.869999885559082,0.0,-0.014937784425446021,0.0507284778079842
2024-08-09,sh605488,0.611278167261899,0.6133073044390804,0.6016397293864519,0.6016397293864519,33986728.45114708,11.859999656677246,0.0,-0.0008424792736521081,0.0507284778079842
2024-08-12,sh605488,0.6011324813759915,0.606712596518629,0.5960596142438144,0.5991033441988098,22007421.634565353,11.8100004196167,0.0,-0.004215787395271731,0.0507284778079842
2024-08-13,sh605488,0.5996105922092705,0.6214238531478065,0.5975814550320889,0.614829145227355,38157837.24729347,12.119999885559082,0.0,0.02624889542149944,0.0507284778079842
2024-08-14,sh605488,0.6219311495367135,0.623960286713895,0.6077271409179965,0.6092490300847174,23232118.347034454,12.010000228881836,0.0,-0.009075879349496496,0.0507284778079842
2024-08-15,sh605488,0.605698003740815,0.6158437380051689,0.6036688665636334,0.614321848838448,32249577.962745667,12.109999656677246,0.0,0.008326346868414713,0.0507284778079842
2024-08-16,sh605488,0.6138146008279876,0.632076835422621,0.5930158842888189,0.6041761629525405,102816390.81981468,11.90999984741211,0.0,-0.01651526134890191,0.0507284778079842
2024-08-19,sh605488,0.5975814550320889,0.602147025775359,0.5808410612257299,0.5833774947918183,83891636.09656334,11.5,0.0,-0.034424840693948244,0.0507284778079842
2024-08-20,sh605488,0.5869284727572744,0.5884503619239955,0.5691735345515477,0.5717099681176363,48860385.86416817,11.270000457763672,0.0,-0.019999960194463262,0.0507284778079842
2024-08-21,sh605488,0.5752609460830923,0.5859139283579068,0.5691735345515477,0.5777973796491808,42300342.7802887,11.390000343322754,0.0,0.010647726768850063,0.0507284778079842
2024-08-22,sh605488,0.5793192204374552,0.5823629020140044,0.5696807825620084,0.5712026717287293,33798274.14671898,11.260000228881836,0.0,-0.011413530335592004,0.0507284778079842
2024-08-23,sh605488,0.5712026717287293,0.628525857457165,0.5575059594989192,0.5985960478099029,145910922.61859703,11.800000190734863,0.0,0.04795736686291807,0.0507284778079842
2024-08-26,sh605488,0.6462807956628916,0.6483099328400731,0.6046834593414473,0.6133073044390804,209015910.94718742,12.09000015258789,0.0,0.024576267556396303,0.0507284778079842
2024-08-27,sh605488,0.6133073044390804,0.6178728751823503,0.5899722027122699,0.5950450214660005,106732948.31542969,11.729999542236328,0.0,-0.029776725046153474,0.0507284778079842
2024-08-28,sh605488,0.5874357691461815,0.6087417336958104,0.5864212247468138,0.6046834593414473,81888481.17469406,11.920000076293944,0.0,0.016197829622540016,0.0507284778079842
2024-08-29,sh605488,0.5985960478099029,0.637149702554798,0.5960596142438144,0.6290331054676255,121328596.20383263,12.399999618530272,0.0,0.04026841771510847,0.0507284778079842
2024-08-30,sh605488,0.6295404018565326,0.6554119371494316,0.6295404018565326,0.6417152249196215,141926691.10341072,12.649999618530272,0.0,0.02016129094281638,0.0507284778079842
2024-09-02,sh605488,0.6452662512635241,0.6691086010007953,0.6391788397319796,0.6488172292289801,170580694.984663,12.789999961853027,0.0,0.011067221149767992,0.0507284778079842
2024-09-03,sh605488,0.6523682071944362,0.6569337779377061,0.6341059725998025,0.6569337779377061,117776055.15022278,12.949999809265137,0.0,0.012509761367421435,0.0507284778079842
2024-09-04,sh605488,0.6538900963611571,0.6538900963611571,0.622945693936081,0.627003968290444,101756453.63416672,12.359999656677246,0.0,-0.04555985801372542,0.0507284778079842
2024-09-05,sh605488,0.619394715970625,0.627003968290444,0.6178728751823503,0.6209165567588996,61129372.17903137,12.239999771118164,0.0,-0.009708728874782357,0.0507284778079842
2024-09-06,sh605488,0.6219311495367135,0.6219311495367135,0.6036688665636334,0.605698003740815,57325355.02065277,11.9399995803833,0.0,-0.024509819962803547,0.0507284778079842
2024-09-09,sh605488,0.6036688665636334,0.6082344373069035,0.5965669106327214,0.6006251849870844,39412694.53358841,11.84000015258789,0.0,-0.00837516175123687,0.0507284778079842
2024-09-10,sh605488,0.6041761629525405,0.6092490300847174,0.5935231806777259,0.6046834593414473,40549215.92140198,11.920000076293944,0.0,0.006756750225933583,0.0507284778079842
2024-09-11,sh605488,0.6031616185531729,0.605698003740815,0.5965669106327214,0.5991033441988098,34561454.941272736,11.8100004196167,0.0,-0.009228159058153662,0.0507284778079842
2024-09-12,sh605488,0.5985960478099029,0.6051907557303543,0.5884503619239955,0.5884503619239955,39456930.0418663,11.600000381469728,0.0,-0.017781543665159938,0.0507284778079842
2024-09-13,sh605488,0.5920013398894513,0.5920013398894513,0.5676516453848268,0.5691735345515477,43155247.202301025,11.220000267028809,0.0,-0.03275862947797359,0.0507284778079842
2024-09-18,sh605488,0.5717099681176363,0.5727245125170038,0.5397510212931926,0.5478675700019187,61347198.5455513,10.800000190734863,0.0,-0.03743316098914551,0.0507284778079842
2024-09-19,sh605488,0.5488821144012863,0.5691735345515477,0.5488821144012863,0.5651152601971847,55524926.46559715,11.140000343322754,0.0,0.03148149505400677,0.0507284778079842
2024-09-20,sh605488,0.5651152601971847,0.5651152601971847,0.5539549815334631,0.5564914150995517,35664385.72921753,10.970000267028809,0.0,-0.015260329538126283,0.0507284778079842
2024-09-23,sh605488,0.5575059594989192,0.5651152601971847,0.5514185479673748,0.5600423930650078,31638934.76313591,11.039999961853027,0.0,0.006381011223364208,0.0507284778079842
2024-09-24,sh605488,0.5656225082076453,0.5828701984029113,0.5605496894539147,0.5823629020140044,54278092.286195755,11.479999542236328,0.0,0.039855034592721994,0.0507284778079842
2024-09-25,sh605488,0.5828701984029113,0.602654322164266,0.5828701984029113,0.5879430655350883,62990161.30732536,11.59000015258789,0.0,0.009581935081691917,0.0507284778079842
2024-09-26,sh605488,0.5833774947918183,0.6036688665636334,0.5833774947918183,0.6036688665636334,57668692.74243355,11.899999618530272,0.0,0.026747149427186256,0.0507284778079842
2024-09-27,sh605488,0.6077271409179965,0.628018561068258,0.607219892907536,0.6259894238910765,59035282.14143753,12.34000015258789,0.0,0.03697483598003348,0.0507284778079842
2024-09-30,sh605488,0.6417152249196215,0.6828053132306052,0.6305549946343464,0.6772251980879678,167918265.40198898,13.350000381469728,0.0,0.08184766745485206,0.0507284778079842
2024-10-08,sh605488,0.7452013177127715,0.7452013177127715,0.6711377381779767,0.7198370788087795,200194357.0717907,14.1899995803833,0.0,0.0629212865101878,0.0507284778079842
2024-10-09,sh605488,0.7178079416315979,0.7178079416315979,0.6549046407605247,0.6554119371494316,135472821.12451553,12.920000076293944,0.0,-0.08949961533790629,0.0507284778079842
2024-10-10,sh605488,0.6564264815487992,0.6828053132306052,0.6518609591839757,0.6630211894692508,93639612.408247,13.06999969482422,0.0,0.011609877526665091,0.0507284778079842
2024-10-11,sh605488,0.6594702115037947,0.6640357822470646,0.627003968290444,0.6346132689887095,76988905.81308365,12.510000228881836,0.0,-0.042846172839938745,0.0507284778079842
2024-10-14,sh605488,0.6412079769091611,0.6554119371494316,0.628525857457165,0.6523682071944362,64993079.67567444,12.859999656677246,0.0,0.027977571654024924,0.0507284778079842
2024-10-15,sh605488,0.6503390700172548,0.6645430786359717,0.6401933841313471,0.6452662512635241,54355169.308195114,12.720000267028809,0.0,-0.01088642250279892,0.0507284778079842
2024-10-16,sh605488,0.6381642469541656,0.6554119371494316,0.6346132689887095,0.6447589548746171,47989711.20747566,12.710000038146973,0.0,-0.0007861814993633809,0.0507284778079842
